개방자치단체코드,관리번호,인허가일자,인허가취소일자,영업상태명,폐업일자,휴업시작일자,휴업종료일자,재개업일자,소재지면적,소재지우편번호,도로명우편번호,사업장명,데이터갱신구분,권리주체일련번호,데이터갱신시점,도로명주소,상세영업상태명,상세영업상태코드,영업상태코드,전화번호,좌표정보(X),좌표정보(Y),지번주소,축산업무구분명,축산일련번호,최종수정시점
3360000,336000000119990001,1999-04-08,,휴업,,2023-06-12,2023-12-31,,966,618-804,46713,"한신부화장(공동명의 서정준, 서광수)",I,000,2025-12-15 16:15:28,부산광역시 강서구 입소정관길 *** (대저*동),휴업,0001,02,,375194.146475615    ,186987.439954169    ,부산광역시 강서구 대저*동 ***-* ,부화업,2,2023-07-06 10:18:40
3450000,345000000120080001,2008-04-14,,폐업,2021-03-31,,,,0,702-230,,배수미농가,I,000,2025-12-15 16:15:28,대구광역시 북구 도남길 ***-** (도남동),폐업,0002,03,,343325.66448605     ,274775.403035736    ,대구광역시 북구 도남동 ***-* ,부화업,129,2021-03-31 16:44:25
3600000,360000000119980002,1998-03-18,,폐업,2009-04-06,,,,0,502-152,,해바레부화장,I,000,2025-12-15 16:15:28,,폐업,0002,03,,184826.93139428     ,181394.513751544    ,광주광역시 서구 벽진동 ***-* ,부화업,7,2009-04-06 15:57:37
3600000,360000000119940002,1994-12-24,,휴업,,2009-02-19,2009-12-31,,0,502-157,,현대부화장,I,000,2025-12-15 16:15:28,,휴업,0001,02,,,,광주광역시 서구 마륵동 *** ,부화업,6,2009-02-20 15:53:34
3600000,360000000119940001,1994-12-24,,폐업,1994-12-24,,,,250,502-157,,현대부화장,I,000,2025-12-15 16:15:28,,폐업,0002,03,,,,광주광역시 서구 마륵동 *** ,부화업,29,2011-03-08 11:26:52
3600000,360000000119980001,1998-03-18,,폐업,2009-04-06,,,,165,502-152,,해바레부화장,I,000,2025-12-15 16:15:28,,폐업,0002,03,,184826.93139428     ,181394.513751544    ,광주광역시 서구 벽진동 ***-* ,부화업,28,2011-03-08 11:23:43
3600000,360000000120140001,2014-12-23,,폐업,2020-11-04,,,,,502-290,61900,농업회사법인(주) 사조팜스 광주부화장,I,L00,2025-12-15 16:15:28,광주광역시 서구 무진대로 *** (덕흥동),폐업,0002,03,,,,전라북도 김제시 순동 **-* ,부화업,33,2020-11-11 17:27:55
3600000,360000000120110001,2011-01-20,,폐업,2024-06-21,,,,0,502-152,62010,덕스토리,I,000,2025-12-15 16:15:28,광주광역시 서구 벽진길 ** (벽진동),폐업,0002,03,,184826.93139428     ,181394.513751544    ,광주광역시 서구 벽진동 ***-* ,부화업,27,2024-06-21 14:50:18
3600000,360000000120090001,2009-04-13,,폐업,2020-11-04,,,,0,502-290,61900,농업회사법인(주) 사조원 광주부화장,I,L00,2025-12-15 16:15:28,광주광역시 서구 무진대로 *** (덕흥동),폐업,0002,03,,185463.84318428     ,184913.618998488    ,광주광역시 서구 덕흥동 **-* ,부화업,25,2020-11-11 14:49:24
3630000,363000000120040001,2004-11-08,,폐업,2004-11-08,,,,0,506-727,,삼일부화장,I,000,2025-12-15 16:15:28,,폐업,0002,03,,,,광주광역시 광산구 장덕동 ***-* ,부화업,2,2004-11-08 15:12:11
3640000,364000000120040001,1989-07-14,,폐업,2004-07-07,,,,0,320-870,,신광부화장,I,000,2025-12-15 16:15:28,,폐업,0002,03,0417350844,,,대전광역시 동구 중동 ** ,부화업,1,2005-11-25 11:16:28
3670000,367000000119970001,1997-03-12,,폐업,2015-01-15,,,,670,305-308,,형제부화장,I,000,2025-12-15 16:15:28,,폐업,0002,03,,,,대전광역시 유성구 장대동 ***-** ,부화업,25,2015-01-19 09:52:17
3670000,367000000120030001,2003-02-07,,폐업,2007-06-27,,,,235,305-360,,청원부화장,I,000,2025-12-15 16:15:28,,폐업,0002,03,0428221851,,,대전광역시 유성구 학하동 *** ,부화업,24,2007-06-27 11:15:08
3910000,391000000120140001,2014-07-22,,폐업,2023-03-21,,,,,451-832,17794,주식회사 안창,I,L00,2025-12-15 16:15:28,경기도 평택시 청북읍 고잔*길 **-**,폐업,0002,03,,191112.899326222    ,394523.332223818    ,경기도 평택시 청북읍 고잔리 ***-* ,부화업,1115,2023-03-21 08:52:42
3910000,391000000120070001,2007-08-01,,폐업,2010-10-18,,,,0,451-883,,보령부화장,I,000,2025-12-15 16:15:28,경기도 평택시 안중읍 안중북로 ***-**,폐업,0002,03,,192282.502432452    ,389272.565441817    ,경기도 평택시 안중읍 덕우리 ***-* ,부화업,766,2010-10-18 13:04:20
3910000,391000000120050001,2005-05-25,,폐업,2014-07-29,,,,0,451-843,,대성부화장,I,000,2025-12-15 16:15:28,경기도 평택시 고덕면 고덕*로 ***,폐업,0002,03,,,,경기도 평택시 고덕면 해창리 *-* ,부화업,420,2014-07-29 21:06:06
3910000,391000000120040001,2004-04-01,,폐업,2005-05-11,,,,0,451-843,,석정부화장,I,000,2025-12-15 16:15:28,경기도 평택시 고덕면 고덕*로 ***,폐업,0002,03,,,,경기도 평택시 고덕면 해창리 *-* ,부화업,1,2005-05-13 17:15:22
3910000,391000000120030001,2003-03-27,,폐업,2003-11-21,,,,1209,,,신명종합축산,I,000,2025-12-15 16:15:28,경기도 평택시 고덕면 고덕*로 ***,폐업,0002,03,,,,경기도 평택시 고덕면 해창리 *-* ,부화업,,2003-11-25 15:21:14
3910000,391000000120020001,2006-04-11,,폐업,2007-07-03,,,,4200,451-832,,동광부화장,I,000,2025-12-15 16:15:28,,폐업,0002,03,,,,경기도 평택시 청북면 옥길리 *** ,부화업,5,2007-07-03 17:28:53
3910000,391000000120010002,2001-02-08,,폐업,2014-10-07,,,,3300,451-872,17818,홍익부화장,I,000,2025-12-15 16:15:28,경기도 평택시 오성면 청오로 ***,폐업,0002,03,,198393.471183628    ,390990.380743508    ,경기도 평택시 오성면 양교리 ***-* ,부화업,9,2014-10-07 20:34:32
3910000,391000000120170001,2017-12-01,,영업/정상,,,,,,,17794,농업회사법인 (주)부성팜스 청북,I,L00,2025-12-15 16:15:28,경기도 평택시 청북읍 청북중앙로 ***-**,정상,0000,01,,,,충청남도 당진시 합덕읍 석우리 **** ,부화업,1193,2023-12-14 10:36:35
3910000,391000000120150001,2015-02-04,,영업/정상,,,,,,451-883,17816,기린부화장,I,000,2025-12-15 16:15:28,경기도 평택시 안중읍 안중북로 ***,정상,0000,01,,192840.485672342    ,389364.123219617    ,경기도 평택시 안중읍 덕우리 ***-* ,부화업,1124,2021-02-16 17:14:08
3910000,391000000120140002,2014-10-07,,영업/정상,,,,,,451-872,17818,농업회사법인 히즈팜 주식회사,I,L00,2025-12-15 16:15:28,경기도 평택시 오성면 청오로 ***,정상,0000,01,0312807705,198393.471183628    ,390990.380743508    ,경기도 평택시 오성면 양교리 ***-* ,부화업,1119,2025-06-11 11:24:39
3910000,391000000120010001,2001-09-28,,폐업,2003-03-17,,,,2640,,,금강부화장,I,000,2025-12-15 16:15:28,경기도 평택시 고덕면 고덕*로 ***,폐업,0002,03,,,,경기도 평택시 고덕면 해창리 *-* ,부화업,,2003-03-17 17:13:23
3910000,391000000119910001,1991-12-17,,영업/정상,,,,,0,451-872,17819,농업회사법인(주)양지,I,L00,2025-12-15 16:15:28,경기도 평택시 오성면 오성북로 **,정상,0000,01,,196896.545368361    ,389545.987353131    ,경기도 평택시 오성면 죽리 ***-* 외*필지 ,부화업,3,2025-07-16 10:34:43
3910000,391000000120100001,2010-10-19,,영업/정상,,,,,0,451-883,17815,(주)부성팜스,I,L00,2025-12-15 16:15:28,경기도 평택시 안중읍 안중북로 ***-**,정상,0000,01,,,,충청남도 당진시 합덕읍 석우리 ***-* ,부화업,944,2019-01-22 12:38:48
3910000,391000000119930001,1993-05-27,,폐업,2016-10-06,,,,3990,451-843,17770,강남부화장,I,000,2025-12-15 16:15:28,경기도 평택시 고덕동 고덕*로**번길 ***,폐업,0002,03,,,,경기도 평택시 고덕동 ***-* ,부화업,4,2016-10-06 16:07:44
3910000,391000000119970001,1997-04-07,,폐업,2015-02-04,,,,0,451-823,,기린부화장,I,000,2025-12-15 16:15:28,경기도 평택시 포승읍 직산동길 **-**,폐업,0002,03,,,,경기도 평택시 포승읍 희곡리 *** ,부화업,7,2015-02-04 18:13:21
3910000,391000000119990001,1999-09-17,,폐업,2012-07-10,,,,2723,451-841,,성화부화장,I,L00,2025-12-15 16:15:28,경기도 평택시 고덕면 여염길 **,폐업,0002,03,,,,경기도 평택시 고덕면 여염리 **-** ,부화업,8,2012-07-10 17:19:55
3910000,391000000120000001,2000-08-24,,폐업,2014-01-22,,,,1600,451-852,,평택부화장,I,000,2025-12-15 16:15:28,경기도 평택시 서탄면 서탄로 ***,폐업,0002,03,,,,경기도 평택시 서탄면 금암리 *** ,부화업,6,2014-01-22 18:37:44
3940000,394000000120050001,2005-02-25,,영업/정상,,,,,0,411-440,10208,충청농장,I,000,2025-12-15 16:15:28,경기도 고양시 일산서구 송포로 *** (가좌동),정상,0000,01,0319231378,175702.599690225    ,465737.922445638    ,경기도 고양시 일산서구 가좌동 ***-* 충청농장 ,부화업,42,2017-11-17 14:05:57
4000000,400000000119920001,1992-01-06,,폐업,2009-12-17,,,,0,447-010,,주식회사 한일팜스,I,L00,2025-12-15 16:15:28,,폐업,0002,03,,204353.693212115    ,405952.282357229    ,경기도 오산시 청학동 산 *-* ,부화업,1,2009-12-17 17:14:50
4050000,405000000119970001,1997-11-07,,폐업,2006-12-05,,,,3200,449-873,,구성농산,I,000,2025-12-15 16:15:28,,폐업,0002,03,,,,경기도 용인시 처인구 원삼면 문촌리 *** ,부화업,14,2015-07-29 15:42:03
4050000,405000000119930001,1993-04-20,,영업/정상,,,,,9656,449-864,17182,강남부화장(농업회사법인 조인팜스 주식회사),I,L00,2025-12-15 16:15:28,경기도 용인시 처인구 백암면 삼백로 ***,정상,0000,01,0312807705,,,경기도 용인시 처인구 백암면 장평리 *** ,부화업,11,2024-03-12 13:40:19
4050000,562000000120140001,2016-12-07,,휴업,,2025-09-24,2028-12-31,,,449-882,17118,경기도축산진흥센터,I,L00,2025-12-15 16:15:28,"경기도 용인시 처인구 남사읍 천덕산로**번길 ***, 경기도축산진흥센터",휴업,0001,02,03180086395,210406.862916647    ,402805.623082486    ,경기도 용인시 처인구 남사읍 봉명리 ***-* 경기도축산진흥센터 ,부화업,805,2025-09-24 11:28:15
4050000,405000000119920001,1992-10-12,,영업/정상,,,,,562.5,449-915,,진성부화장,I,000,2025-12-15 16:15:28,,행정처분,0003,01,,213682.292687813    ,421572.617827676    ,경기도 용인시 기흥구 청덕동 ***-* ,부화업,13,2017-08-18 11:29:21
4050000,405000000120040001,2004-01-15,,영업/정상,,,,,197,449-873,,명바위농산,I,000,2025-12-15 16:15:28,,정상,0000,01,,226868.885609817    ,405673.969360279    ,경기도 용인시 처인구 원삼면 문촌리 **-* ,부화업,12,2004-06-16 13:10:18
4060000,406000000120030002,2003-04-22,,폐업,2021-12-09,,,,0,413-855,10955,소래축산,I,000,2025-12-15 16:15:28,경기도 파주시 광탄면 장지산로***번길 **,폐업,0002,03,,189584.127953199    ,471680.060218572    ,경기도 파주시 광탄면 용미리 ***-* ,부화업,18,2021-12-09 13:11:54
4060000,406000000119940001,1994-10-26,,폐업,2004-05-03,,,,0,413-831,,임한부화장,I,000,2025-12-15 16:15:28,,폐업,0002,03,,,,경기도 파주시 당하동 *** ,부화업,56,2004-05-03 16:00:37
4060000,406000000120170001,2017-08-04,,영업/정상,,,,,,,10801,소래축산부화장,I,000,2025-12-15 16:15:28,경기도 파주시 적성면 술이홀로 ****-*,정상,0000,01,0319642147,190433.906505099    ,494771.48597664     ,경기도 파주시 적성면 식현리 **-* ,부화업,1351,2017-08-04 10:26:13
4060000,406000000120030001,1994-10-26,,폐업,2021-02-22,,,,0,413-914,10804,파주부화장,I,000,2025-12-15 16:15:28,경기도 파주시 적성면 산덕골길 ***,폐업,0002,03,0319586965,,,경기도 파주시 적성면 장현리 *** ,부화업,55,2021-02-22 13:04:20
4070000,407000000120030001,2003-05-10,,폐업,2019-11-18,,,,0,467-150,,이천부화장,I,000,2025-12-15 16:15:28,경기도 이천시 중부대로 ****-** (장록동),폐업,0002,03,,240249.646293239    ,417697.26880256     ,경기도 이천시 장록동 ***-* ,부화업,22,2019-11-19 19:57:44
4070000,407000000120000001,2000-06-09,,폐업,2007-09-28,,,,0,467-831,,성산,I,000,2025-12-15 16:15:28,경기도 이천시 백사면 이여로***번길 **,폐업,0002,03,,,,경기도 이천시 백사면 신대리 ** ,부화업,26,2007-09-28 14:07:59
4070000,407000000119980001,1998-09-21,,폐업,2021-01-14,,,,0,467-851,17402,대일,I,000,2025-12-15 16:15:28,경기도 이천시 대월면 대장로 ***-**,폐업,0002,03,,,,경기도 이천시 단월동 ** ,부화업,24,2021-01-14 15:43:58
4070000,407000000120020002,2002-10-10,,휴업,,2020-01-01,2023-01-01,,0,467-811,17385,솔잎,I,000,2025-12-15 16:15:28,경기도 이천시 마장면 이장로 ***-*,휴업,0001,02,,233530.161643479    ,417938.369894408    ,경기도 이천시 마장면 이치리 ***-* ,부화업,27,2020-01-17 14:31:14
4070000,407000000119960004,1996-08-23,,폐업,2020-02-10,,,,0,467-831,,한신,I,000,2025-12-15 16:15:28,경기도 이천시 백사면 원적로 ***,폐업,0002,03,,,,경기도 이천시 백사면 도립리 *** ,부화업,25,2021-06-29 14:40:28
4070000,407000000119960003,1996-08-21,,폐업,2006-05-08,,,,0,467-040,,송정,I,000,2025-12-15 16:15:28,,폐업,0002,03,,239533.91655746     ,422042.191390611    ,경기도 이천시 송정동 **-* ,부화업,23,2006-05-08 14:41:33
4070000,407000000119960001,1996-09-04,,폐업,2007-02-05,,,,0,467-903,,조은,I,000,2025-12-15 16:15:28,,폐업,0002,03,,,,경기도 이천시 장호원읍 대서리 *** ,부화업,20,2007-02-05 10:24:55
4070000,407000000119890001,1989-07-08,,폐업,2007-09-28,,,,0,467-904,,우화,I,000,2025-12-15 16:15:28,,폐업,0002,03,,,,경기도 이천시 장호원읍 진암리 **-* ,부화업,21,2007-09-28 14:33:12
4070000,407000000120040001,2004-09-10,,영업/정상,,,,,0,467-903,17415,농업회사법인 한국양계(주),I,L00,2025-12-15 16:15:28,경기도 이천시 장호원읍 어석로 ***,정상,0000,01,,252446.089678706    ,401178.946873643    ,경기도 이천시 장호원읍 어석리 **-** ,부화업,177,2021-07-02 10:29:07
4080000,408000000120110002,2011-11-02,,폐업,2025-05-22,,,,,456-842,17603,다모아부화장,I,000,2025-12-15 16:15:28,경기도 안성시 미양면 신고지길 ***,폐업,0002,03,,218476.685199414    ,384558.01355825     ,경기도 안성시 미양면 고지리 ***-* ,부화업,2243,2025-05-22 16:25:58
4080000,408000000119910003,1991-06-28,,영업/정상,,,,,0,456-915,17529,동남부화장,I,000,2025-12-15 16:15:28,경기도 안성시 일죽면 서동대로 ****,정상,0000,01,,,,경기도 안성시 일죽면 송천리 *** ,부화업,2026,2018-03-26 13:46:31
4080000,408000000119960001,2012-01-09,,영업/정상,,,,,0,456-826,17563,농업회사법인 (주)양지,I,L00,2025-12-15 16:15:28,경기도 안성시 공도읍 승진길 **-**,정상,0000,01,,,,경기도 평택시 오성면 죽리 ***-** ,부화업,1169,2025-12-12 13:28:52
4080000,408000000119910001,1991-05-11,,휴업,,2024-06-05,2026-06-04,,0,456-843,,HATCHCON 부화장,I,000,2025-12-15 16:15:28,,휴업,0001,02,,222791.028329257    ,386765.34065136     ,경기도 안성시 미양면 계륵리 ***-* ,부화업,1171,2024-06-05 13:23:53
4080000,408000000119930001,1993-07-10,,폐업,2018-03-13,,,,0,,,덕성부화장,I,000,2025-12-15 16:15:28,,폐업,0002,03,,,,경기도 안성시 삼죽면 배태리 ** ,부화업,,2018-03-14 16:57:50
4080000,408000000120070001,2007-12-27,,폐업,2020-01-20,,,,0,456-821,,동원축산,I,000,2025-12-15 16:15:28,경기도 안성시 공도읍 웅교*길 **-***,폐업,0002,03,,216077.402908136    ,385723.227276787    ,경기도 안성시 공도읍 건천리 **-* ,부화업,1471,2020-01-21 03:30:01
4080000,408000000120110001,2011-02-19,,폐업,2019-03-19,,,,0,456-290,,농업회사법인유한회사에이치비씨,I,L00,2025-12-15 16:15:28,경기도 안성시 발화대길 ***-** (중리동),폐업,0002,03,,225659.403931704    ,386648.088652597    ,경기도 안성시 중리동 **-* ,부화업,2116,2019-03-21 11:32:48
4080000,408000000120030001,2003-12-25,,취소/말소/만료/정지/중지,,,,,495,456-842,,황아부화장,I,000,2025-12-15 16:15:28,경기도 안성시 미양면 강덕*길 **-**,말소,0004,04,,220215.524095326    ,383730.884440352    ,경기도 안성시 미양면 강덕리 **-* ,부화업,1172,2025-02-27 13:15:35
4080000,408000000119930002,1993-11-15,,폐업,2012-04-23,,,,0,456-826,,광일부화장,I,000,2025-12-15 16:15:28,,폐업,0002,03,,,,경기도 평택시 비전동 ***-* ,부화업,1170,2012-04-23 15:10:08
4080000,408000000120050001,2005-11-03,,폐업,2016-09-28,,,,0,456-852,,혜준부화장,I,000,2025-12-15 16:15:28,경기도 안성시 서운면 사갑*길 ***-**,폐업,0002,03,,221594.79373172     ,380596.193304777    ,경기도 안성시 서운면 신흥리 ***-* ,부화업,1183,2016-09-28 16:23:57
4080000,408000000119910002,1991-06-28,,폐업,2012-04-23,,,,0,456-240,,석정부화장,I,000,2025-12-15 16:15:28,,폐업,0002,03,,,,경기도 안성시 석정동 **-* ,부화업,2027,2012-04-23 15:01:44
4090000,409000000120080001,2008-01-18,,폐업,2014-05-08,,,,0,415-010,,골드부화장,I,000,2025-12-15 16:15:28,경기도 김포시 옹주물로 ***-* (감정동),폐업,0002,03,,172113.432541725    ,458778.898645349    ,경기도 김포시 감정동 ***-** ,부화업,428,2014-05-08 18:08:02
4090000,409000000119990001,1999-09-07,,영업/정상,,,,,0,415-855,10027,대산부화장,I,000,2025-12-15 16:15:28,경기도 김포시 대곶면 대곶로***번길 ***,정상,0000,01,,,,경기도 김포시 대곶면 송마리 *** ,부화업,4,2020-11-05 17:52:21
4090000,409000000119950001,1995-01-02,,취소/말소/만료/정지/중지,,,,,0,415-040,,경인축산,I,000,2025-12-15 16:15:28,경기도 김포시 대곶면 대곶로***번길 ***,말소,0004,04,,,,경기도 김포시 대곶면 송마리 *** ,부화업,427,2008-01-17 18:06:34
4140000,414000000120220001,2022-09-19,,영업/정상,,,,,,,11049,(주)대정부화장,I,L00,2025-12-15 16:15:28,경기도 연천군 백학면 노곡로***번길 **,정상,0000,01,,,,경기도 연천군 백학면 노곡리 ** ,부화업,1281,2022-09-19 15:24:50
4140000,414000000120000001,2000-08-17,,폐업,2003-12-23,,,,0,,,미산오리부화장,I,000,2025-12-15 16:15:28,,폐업,0002,03,,,,경기도 연천군 미산면 백석리 *** ,부화업,,2004-01-05 13:03:16
4170000,417000000120050001,2005-09-01,,휴업,,2024-07-02,2026-06-30,,0,476-871,,목산오리농장,I,000,2025-12-15 16:15:28,,휴업,0001,02,,,,경기도 양평군 양평읍 양근리 산 *-* ,부화업,472,2024-07-11 13:13:00
4170000,417000000120050002,2015-09-01,,폐업,2020-11-20,,,,0,476-853,,능골오리농장,I,000,2025-12-15 16:15:28,,폐업,0002,03,,258389.124949955    ,447191.210083166    ,경기도 양평군 단월면 봉상리 ***-* 외 *필지 ,부화업,473,2020-11-30 09:03:17
4170000,417000000120050003,2005-09-01,,폐업,2013-05-06,,,,0,476-843,,양평부화장,I,000,2025-12-15 16:15:28,,폐업,0002,03,,,,경기도 양평군 용문면 망능리 ** ,부화업,474,2013-05-06 10:08:03
4181000,418000000119980002,1998-05-19,,폐업,2003-03-31,,,,0,,,소양강축산,I,000,2025-12-15 16:15:28,,폐업,0002,03,,,,강원특별자치도 춘천시 동산면 봉명리 ***-*    ,부화업,,2003-04-23 13:27:50
4181000,418000000120120001,2012-05-17,,영업/정상,,,,2014-07-22,,200-822,24203,신세기부화장,I,000,2025-12-15 16:15:28,강원특별자치도 춘천시 신북읍 신북로 ***-**,정상,0000,01,,,,강원특별자치도 춘천시 신북읍 산천리 *** ,부화업,379,2016-07-14 09:21:36
4181000,418000000119980001,1998-03-12,,폐업,2000-05-18,,,,0,,,신세기부화장,I,000,2025-12-15 16:15:28,,폐업,0002,03,,,,강원특별자치도 춘천시 근화동 ***-*    ,부화업,,2003-04-23 13:25:57
4191000,419000000120070001,2007-03-22,,폐업,2009-11-24,,,,0,220-925,,임선부화장,I,000,2025-12-15 16:15:28,,폐업,0002,03,,278990.342076612    ,435536.405956204    ,강원특별자치도 원주시 호저면 매호리 **-* ,부화업,411,2009-11-25 16:55:41
4191000,419000000120030001,1991-04-03,,휴업,,2003-12-10,2004-03-31,,0,,,삼원부화장,I,000,2025-12-15 16:15:28,,휴업,0001,02,0337321623,,,강원특별자치도 원주시 지정면 신평리 *** ,부화업,,2003-12-11 14:08:19
4191000,419000000120030002,2003-12-10,,폐업,2005-06-22,,,,0,220-823,,삼원부화장,I,000,2025-12-15 16:15:28,,폐업,0002,03,0337636119,,,강원특별자치도 원주시 지정면 신평리 *** ,부화업,260,2005-06-23 16:17:10
4211000,421000000119910001,1991-09-14,,폐업,2009-06-17,,,,0,240-030,25741,경동부화장,I,000,2025-12-15 16:15:28,강원특별자치도 동해시 승지로 ** (부곡동),폐업,0002,03,,,,강원특별자치도 동해시 쇄운동 *** ,부화업,3,2011-10-30 13:48:00
4251000,425000000120060001,2006-03-13,,폐업,2012-02-07,,,,0,250-882,,홍천부화장,I,000,2025-12-15 16:15:28,,폐업,0002,03,0332624990,270144.599150706    ,470684.645733698    ,강원특별자치도 홍천군 북방면 역전평리 *-* ,부화업,332,2012-02-07 16:09:49
4271000,427000000120050001,2005-06-09,,폐업,2019-08-02,,,,0,230-804,26223,정현부화장,I,000,2025-12-15 16:15:28,강원특별자치도 영월군 영월읍 둥글바위길 **,폐업,0002,03,,,,강원특별자치도 영월군 영월읍 삼옥리 **** ,부화업,70,2019-08-06 17:28:39
4281000,428000000120170001,2017-06-12,,폐업,2022-02-21,,,,,,25342,국립축산과학원 가금연구소,I,L00,2025-12-15 16:15:28,강원특별자치도 평창군 대관령면 대관령마루길 ***-** (고령지시험장),폐업,0002,03,0333309513,,,강원특별자치도 평창군 대관령면 횡계리 산 ***-* ,부화업,455,2022-02-21 15:39:00
4281000,428000000120200001,2020-02-13,,폐업,2020-09-10,,,,,,25342,국립축산과학원 가금연구소,I,L00,2025-12-15 16:15:28,"강원특별자치도 평창군 대관령면 대관령마루길 ***-**, 고령지 시험장",폐업,0002,03,0333309511,353142.583543033    ,466274.625424648    ,강원특별자치도 평창군 대관령면 횡계리 산 *-*** 고령지 시험장 ,부화업,505,2020-09-10 13:27:23
4311000,431000000120010001,2001-03-14,,폐업,2003-11-30,,,,100,,,화천축협부화장,I,000,2025-12-15 16:15:28,강원특별자치도 화천군 하남면 공단길 **,폐업,0002,03,,,,강원특별자치도 화천군 하남면 원천리 **** ,부화업,,2003-12-04 09:31:36
4390000,439000000120020003,2001-05-16,,폐업,2013-04-10,,,,679.6,380-841,,(주)중원축산,I,000,2025-12-15 16:15:28,,폐업,0002,03,,,,충청북도 충주시 엄정면 신만리 *** ,부화업,2,2013-04-11 13:10:43
4390000,439000000120200001,2020-02-12,,영업/정상,,,,,,,27305,황실 토종닭,I,000,2025-12-15 16:15:28,충청북도 충주시 소태면 야촌안골길 **-**,정상,0000,01,,276994.229507725    ,406289.126405795    ,"충청북도 충주시 소태면 주치리 ***-* ***-*, ***-* ",부화업,1550,2020-02-12 15:12:45
4390000,439000000119930001,1993-07-08,,영업/정상,,,,,4285,380-912,27451,해마로농산 부화장,I,L00,2025-12-15 16:15:28,충청북도 충주시 노은면 두리봉길 **-**,정상,0000,01,,,,충청북도 충주시 노은면 안락리 *** ,부화업,3,2023-10-17 15:52:20
4390000,439000000120090001,2009-10-23,,영업/정상,,,,,0,380-851,27308,(주)파인스,I,L00,2025-12-15 16:15:28,충청북도 충주시 소태면 동막강현길 ***,정상,0000,01,,,,충청북도 충주시 소태면 동막리 *** ,부화업,675,2024-10-17 16:32:13
4390000,439000000120020002,1996-07-30,,폐업,2005-08-29,,,,498.32,380-882,,명지부화장,I,000,2025-12-15 16:15:28,,폐업,0002,03,,269479.247719286    ,385878.216855547    ,충청북도 충주시 주덕읍 창전리 **-* ,부화업,4,2005-08-29 16:00:38
4390000,439000000120020005,2001-12-07,,폐업,2004-04-14,,,,78,380-966,,충주부화장,I,000,2025-12-15 16:15:28,,폐업,0002,03,,,,충청북도 충주시 호암동 ** ,부화업,5,2004-04-14 15:10:44
4420000,442000000120170001,2017-03-17,,영업/정상,,,,,,,28959,글로비다,I,L00,2025-12-15 16:15:28,충청북도 보은군 탄부면 평각상장로 ***-*,정상,0000,01,,,,**-** ,부화업,1159,2017-07-03 15:20:05
4420000,442000000119960001,1996-08-20,,폐업,2004-01-17,,,,0,,,죽전부화장,I,100,2025-12-15 16:15:28,,폐업,0002,03,,264435.597789729    ,331246.480528185    ,충청북도 보은군 보은읍 죽전리 ***-* ,부화업,,2004-01-17 12:31:01
4420000,442000000120030001,1991-04-23,,폐업,2006-05-23,,,,0,376-806,,죽전제2부화장,I,100,2025-12-15 16:15:28,,폐업,0002,03,,265722.523278989    ,331762.501338896    ,충청북도 보은군 보은읍 어암리 ***-* ,부화업,41,2006-05-23 09:04:11
4420000,442000000120100001,2010-04-05,,휴업,,2015-04-02,2016-04-01,,0,376-832,28962,푸른부화장,I,L00,2025-12-15 16:15:28,충청북도 보은군 탄부면 대양길 ***-**,휴업,0001,02,,272368.291855862    ,324590.604168953    ,충청북도 보은군 탄부면 대양리 *-* ,부화업,726,2024-02-14 15:08:41
4420000,442000000119940001,1994-03-24,,폐업,2004-01-17,,,,0,,,신안부화장,I,000,2025-12-15 16:15:28,,폐업,0002,03,,,,충청북도 보은군 수한면 율산리 *-* ,부화업,,2004-01-17 12:06:24
4430000,443000000119900001,1990-09-05,,폐업,2009-10-09,,,,62680,373-813,,옥천농장,I,000,2025-12-15 16:15:28,,폐업,0002,03,0435427074,,,충청북도 옥천군 안내면 오덕리 *-* ,부화업,4,2009-10-09 15:42:34
4440000,444000000120210001,2021-03-05,,영업/정상,,,,,,,29107,영농조합법인정원농장,I,L00,2026-01-07 17:26:58,"충청북도 영동군 용산면 천작*길 **, 단독주택",정상,0000,01,,272614.929593221    ,308311.292006528    ,충청북도 영동군 용산면 천작리 ***-* ,부화업,567,2021-03-05 09:07:53
4450000,445000000120040003,2004-06-03,,폐업,2015-12-14,,,,0,365-802,,주원식품,I,000,2025-12-15 16:15:28,,폐업,0002,03,,,,충청북도 진천군 진천읍 송두리 ***-* ,부화업,17,2015-12-14 12:53:02
4450000,445000000120180001,2018-07-06,,영업/정상,,,,,,,27846,에코팜,I,000,2025-12-15 16:15:28,"충청북도 진천군 초평면 초평로 ***, 에코팜",정상,0000,01,,,,충청북도 진천군 초평면 중석리 **** 에코팜 ,부화업,722,2018-07-06 16:57:00
4450000,445000000120040001,2004-06-03,,폐업,2015-12-09,,,,0,365-830,,(주)주원산오리부화장,I,000,2025-12-15 16:15:28,,폐업,0002,03,,237809.103504812    ,382679.78907021     ,충청북도 진천군 광혜원면 죽현리 산 **-** ,부화업,15,2015-12-09 14:37:23
4450000,445000000120040002,2004-06-03,,폐업,2015-12-14,,,,0,365-805,,영농조합법인 신정농원,I,L00,2025-12-15 16:15:28,충청북도 진천군 진천읍 농다리로 ****-**,폐업,0002,03,,241229.294296595    ,371421.798019622    ,충청북도 진천군 진천읍 신정리 **-* ,부화업,16,2015-12-14 12:52:24
4450000,445000000120070001,2007-03-28,,영업/정상,,,,,0,365-861,,원천부화장,I,000,2025-12-15 16:15:28,,정상,0000,01,,,,충청북도 진천군 문백면 봉죽리 ***-* ,부화업,388,2022-05-03 14:30:36
4450000,445000000120110001,2011-03-29,,영업/정상,,,,,0,365-862,27863,농업회사법인 오비아코리아유한회사,I,L00,2025-12-15 16:15:28,충청북도 진천군 문백면 사양*길 **-**,정상,0000,01,,240863.062853396    ,370151.271204717    ,충청북도 진천군 문백면 사양리 ***-* ,부화업,505,2023-11-28 10:06:32
4460000,446000000120070001,2007-01-25,,폐업,2014-08-05,,,,0,367-913,,청원농장,I,000,2025-12-15 16:15:28,충청북도 괴산군 불정면 문무로 ***,폐업,0002,03,,273768.646642321    ,372210.535660676    ,충청북도 괴산군 불정면 지장리 ***-* ,부화업,326,2014-08-05 16:04:35
4470000,447000000119970001,1997-01-07,,폐업,2007-12-10,,,,0,,27653,체리부로식품(주)삼성유니트,I,000,2025-12-15 16:15:28,충청북도 음성군 삼성면 덕정로***번길 **,폐업,0002,03,,245274.855188993    ,390300.424345797    ,충청북도 음성군 삼성면 덕정리 ***-* ,부화업,946,2018-07-10 17:08:10
4470000,447000000120040002,2004-05-01,,폐업,2023-06-27,,,,0,369-833,27653,농업회사법인 (주)한국원종 삼성부화장,I,L00,2025-12-15 16:15:28,충청북도 음성군 삼성면 덕정로***번길 **,폐업,0002,03,0438775769,157111.055955417    ,329188.570036823    ,충청남도 보령시 천북면 하만리 ***-* ,부화업,9,2023-06-27 11:46:12
4470000,447000000120070001,2007-12-13,,폐업,2010-11-11,,,,0,369-861,,성원부화장,I,000,2025-12-15 16:15:28,,폐업,0002,03,0438735289,,,충청북도 음성군 원남면 상노리 ***-* ,부화업,444,2015-07-22 16:51:35
4470000,447000000119970004,1997-04-04,,영업/정상,,,,1997-04-04,0,,,코리아덕주식회사,I,000,2025-12-15 16:15:28,충청북도 음성군 삼성면 일생로 **-**,정상,0000,01,,,,충청북도 음성군 삼성면 용대리 ** ,부화업,,2003-05-09 16:20:35
4470000,447000000120040001,1997-04-04,,영업/정상,,,,,0,369-831,27647,코리아덕,I,000,2025-12-15 16:15:28,충청북도 음성군 삼성면 일생로 **-**,정상,0000,01,,,,충청북도 음성군 삼성면 용대리 ** ,부화업,7,2019-11-18 13:17:15
4470000,447000000120080001,2008-09-24,,영업/정상,,,,,0,369-824,,농업회사법인(주)엠에스푸드,I,L00,2025-12-15 16:15:28,충청북도 음성군 대소면 대금로***번길 *** (외 **필지),정상,0000,01,,241627.332484478    ,387440.646800569    ,충청북도 음성군 대소면 오류리 ***-** 외 **필지 ,부화업,486,2019-11-18 13:22:34
4470000,447000000120110001,2011-08-01,,영업/정상,,,,,,369-831,27647,한국양계(주),I,L00,2025-12-15 16:15:28,충청북도 음성군 삼성면 일생로 **-**,정상,0000,01,,,,충청북도 음성군 삼성면 능산리 *** ,부화업,600,2021-07-20 10:53:55
4470000,447000000120110002,2011-12-06,,영업/정상,,,,,,369-823,,(주)정축산,I,L00,2025-12-15 16:15:28,충청북도 음성군 대소면 대동로 ***-**,정상,0000,01,0438825282,,,충청북도 음성군 맹동면 봉현리 ***-* ,부화업,611,2018-05-02 08:29:16
4470000,447000000120200001,2020-10-23,,영업/정상,,,,,,,27643,농업회사법인(주)에버그린 금왕지점,I,L00,2025-12-15 16:15:28,충청북도 음성군 금왕읍 청평길 ***-**,정상,0000,01,0438779987,,,충청북도 음성군 금왕읍 신평리 *** ,부화업,985,2024-11-22 09:37:18
4480000,448000000120160001,2016-10-14,,영업/정상,,,,,,,27016,대신부화장,I,000,2025-12-15 16:15:28,충청북도 단양군 어상천면 연곡심곡로 **-**,정상,0000,01,,318735.598113045    ,397168.306334377    ,충청북도 단양군 어상천면 덕문곡리 ***-* ,부화업,252,2021-03-02 13:43:37
4490000,449000000120120001,2012-03-08,,휴업,,2024-04-03,2027-04-02,,,330-913,31216,영광부화장,I,000,2025-12-15 16:15:28,충청남도 천안시 동남구 풍세면 광풍로 ****-**,휴업,0001,02,,,,충청남도 천안시 동남구 풍세면 풍서리 * ,부화업,1021,2024-04-03 16:35:33
4490000,449000000119880001,1988-04-25,,폐업,2015-03-25,,,,0,330-290,31076,(주)체리부로 부화장,I,L00,2025-12-15 16:15:28,충청남도 천안시 서북구 감나무골길 ** (업성동),폐업,0002,03,07088321099,,,충청남도 아산시 둔포면 염작리 *** ,부화업,11,2015-03-25 16:03:47
4490000,449000000120050002,2005-12-01,,폐업,2018-03-16,,,,0,331-801,31000,국립축산과학원 축산자원개발부,I,L00,2025-12-15 16:15:28,충청남도 천안시 서북구 성환읍 신방*길 *** (농촌진흥청축산연구소),폐업,0002,03,,209052.048284719    ,381119.20668801     ,충청남도 천안시 서북구 성환읍 신방리 *-* ,부화업,648,2018-03-16 17:11:26
4490000,449000000120060001,2006-08-09,,폐업,2010-07-06,,,,0,330-882,,류도현 한방황오리 부화장,I,000,2025-12-15 16:15:28,,폐업,0002,03,,,,충청남도 천안시 동남구 수신면 신풍리 ***-* *** ,부화업,739,2010-07-06 17:08:06
4490000,566000000120150001,2015-03-30,,영업/정상,,,,,,331-290,31076,동산부화장,I,000,2025-12-15 16:15:28,"충청남도 천안시 서북구 감나무골길 **, (주)체리부로 (업성동)",정상,0000,01,,,,충청남도 천안시 서북구 업성동 *** (주)체리부로 ,부화업,1308,2023-06-30 18:03:17
4490000,449000000120020001,2002-12-13,,영업/정상,,,,,1548,330-872,31259,농업회사법인(주)사조원 천안부화장(동면),I,L00,2025-12-15 16:15:28,"충청남도 천안시 동남구 동면 죽계리*길 **, (주)화인코리아천안부화장",정상,0000,01,,233270.045234127    ,365845.410571665    ,충청남도 천안시 동남구 동면 죽계리 ***-* (주)화인코리아천안부화장 ,부화업,12,2024-11-12 13:33:31
4490000,449000000120050001,2005-11-28,,영업/정상,,,,,0,330-861,31254,독립부화장,I,000,2025-12-15 16:15:28,"충청남도 천안시 동남구 병천면 개목고개길 ***, 독립부화장",정상,0000,01,,226587.993328668    ,363985.359270434    ,충청남도 천안시 동남구 병천면 병천리 ***-* 독립부화장 ,부화업,620,2019-08-09 09:07:43
4490000,449000000120170001,2017-10-20,,영업/정상,,,,,,,31227,거성부화장,I,000,2025-12-15 16:15:28,충청남도 천안시 동남구 목천읍 미죽로 ***,정상,0000,01,,214713.108709745    ,360469.755449109    ,충청남도 천안시 동남구 목천읍 소사리 ***-* ,부화업,1407,2025-06-11 13:15:55
4490000,449000000120230001,2023-08-29,,영업/정상,,,,,,,31247,천안메추리농장,I,000,2025-12-15 16:15:28,충청남도 천안시 동남구 성남면 대정*길 **-**,정상,0000,01,,218952.140907653    ,358368.74442952     ,충청남도 천안시 동남구 성남면 대정리 ***-* ,부화업,1666,2023-08-29 13:22:24
4490000,449000000120020002,2002-12-13,,휴업,,2022-11-14,2027-11-13,,528,330-851,31062,농업회사법인(주)사조원 천안부화장(북면),I,L00,2025-12-15 16:15:28,충청남도 천안시 동남구 북면 운용*길 **,휴업,0001,02,0415675288,,,충청남도 천안시 동남구 북면 운용리 *** ,부화업,13,2024-11-14 15:20:41
4490000,449000000120120002,2012-12-10,,폐업,2014-02-14,,,,,330-912,31214,토종꼬꼬농장,I,000,2025-12-15 16:15:28,충청남도 천안시 동남구 풍세면 태학산로 ***,폐업,0002,03,,208501.93412562     ,360161.892891799    ,충청남도 천안시 동남구 풍세면 삼태리 ***-* ,부화업,1050,2014-02-14 20:23:34
4500000,450000000120040001,2004-06-23,,영업/정상,,,,,0,314-913,,백제,I,000,2025-12-15 16:15:28,,정상,0000,01,,,,충청남도 공주시 장기면 은용리 ** ,부화업,3,2011-04-04 16:27:12
4500000,450000000119900001,1990-05-07,,폐업,2025-08-29,,,,0,,,신웅부화장,I,000,2025-12-15 16:15:28,,폐업,0002,03,,,,충청남도 공주시 우성면 신웅리 ** ,부화업,,2025-08-29 15:49:19
4500000,450000000119900002,1990-03-21,,폐업,2009-10-20,,,,1020,314-914,,장기부화장,I,000,2025-12-15 16:15:28,,폐업,0002,03,0418571468,,,충청남도 공주시 장기면 하봉리 **-* ,부화업,1488,2009-10-22 11:47:57
4500000,450000000120040002,2004-06-23,,폐업,2009-10-20,,,,0,314-914,,장기,I,000,2025-12-15 16:15:28,,폐업,0002,03,,,,충청남도 공주시 장기면 하봉리 *** ,부화업,4,2009-10-22 16:45:32
4500000,450000000120040003,2004-06-23,,폐업,2024-06-12,,,,0,314-861,32528,귀산,I,000,2025-12-15 16:15:28,충청남도 공주시 우성면 심산길 **-**,폐업,0002,03,,,,충청남도 공주시 우성면 귀산리 ,부화업,5,2024-06-12 14:02:20
4500000,450000000119900003,1990-05-07,,영업/정상,,,,,1320,,,귀산부화장,I,000,2025-12-15 16:15:28,,정상,0000,01,,,,충청남도 공주시 우성면 귀산리 ** ,부화업,,2003-04-10 10:37:08
4500000,450000000119920001,1992-05-07,,영업/정상,,,,,1320,,,백제부화장,I,000,2025-12-15 16:15:28,,정상,0000,01,,,,충청남도 공주시 장기면 은용리 ** ,부화업,,2003-04-10 09:22:32
4500000,450000000120040004,2004-06-23,,휴업,,2013-09-12,2017-12-31,,0,314-861,32528,신웅,I,000,2025-12-15 16:15:28,충청남도 공주시 우성면 신웅새뜸길 **-**,휴업,0001,02,,,,,부화업,6,2014-02-26 07:40:05
4510000,451000000119990005,1999-10-21,,취소/말소/만료/정지/중지,,,,,390,355-892,33424,보금부화장,I,L00,2025-12-15 16:15:28,충청남도 보령시 청라면 은선길 **,말소,0004,04,0419326202,,,충청남도 보령시 동대동 ,부화업,53,2019-12-23 18:30:58
4510000,451000000119990004,1999-10-11,,휴업,,,,,347,355-811,,광천부화장,I,000,2025-12-15 16:15:28,,휴업,0001,02,,159485.935358513    ,331590.161741744    ,충청남도 보령시 천북면 낙동리 ***-** ,부화업,52,2022-07-04 09:39:28
4510000,451000000120040001,2004-01-13,,영업/정상,,,,,4545.45,355-821,33418,(주)농업회사법인삼화원종 야현부화장,I,L00,2025-12-15 16:15:28,충청남도 보령시 청소면 청소큰길 **,정상,0000,01,,,,충청남도 보령시 청소면 재정리 *** ,부화업,26,2025-07-14 17:06:04
4510000,451000000120060001,2006-11-20,,영업/정상,,,,,0,355-844,33407,농업회사법인 (주)한국원종 오포부화장,I,L00,2025-12-15 16:15:28,충청남도 보령시 오천면 오천중앙로 ***-**,정상,0000,01,0419319184,157828.819416429    ,323178.073593524    ,충청남도 보령시 오천면 오포리 ***-* ,부화업,605,2024-08-07 13:02:03
4510000,451000000119990003,1999-12-14,,휴업,,2005-12-05,2006-12-04,,468,355-811,,농업회사법인(주)삼화육종 장은부화장,I,L00,2025-12-15 16:15:28,충청남도 보령시 천북면 천궁길 **-**,휴업,0001,02,,158457.377397921    ,332350.023792644    ,충청남도 보령시 천북면 궁포리 ***-* ,부화업,25,2005-12-05 12:58:27
4510000,451000000120150001,2015-12-31,,영업/정상,,,,,,355-871,33512,기련축산부화장,I,000,2025-12-15 16:15:28,충청남도 보령시 미산면 판미로 **,정상,0000,01,,170619.97331683     ,298758.605931751    ,충청남도 보령시 미산면 남심리 **-* ,부화업,1692,2025-12-10 09:30:28
4510000,451000000120200001,2020-03-12,,영업/정상,,,,,,,33419,(주)농업회사법인삼화원종 재정부화장,I,L00,2025-12-15 16:15:28,충청남도 보령시 청소면 충서로 ****,정상,0000,01,0416412181,,,충청남도 보령시 청소면 재정리 ***-** ,부화업,1831,2025-07-14 17:48:10
4510000,451000000119990001,1999-10-16,,폐업,2008-03-10,,,,396,355-923,,장산부화장,I,000,2025-12-15 16:15:28,충청남도 보령시 주교면 대터골길 ***-**,폐업,0002,03,0419328783,,,충청남도 보령시 청라면 장산리 *** ,부화업,41,2015-07-31 09:17:30
4510000,451000000119990002,1999-12-10,,휴업,,2022-08-09,2024-08-08,,468,355-823,33418,(주)농업회사법인삼화원종 청소부화장,I,L00,2025-12-15 16:15:28,충청남도 보령시 청소면 청소큰길 ***,휴업,0001,02,0416418104,163695.241485635    ,328186.480522013    ,충청남도 보령시 청소면 진죽리 ***-* ,부화업,24,2022-08-08 20:59:07
4510000,451000000120070001,2007-01-11,,영업/정상,,,,,0,355-881,33497,남포부화장,I,L00,2025-12-15 16:15:28,충청남도 보령시 남포면 월전로 ***,정상,0000,01,0419311984,163165.225787591    ,310254.066712442    ,충청남도 보령시 남포면 달산리 ***-* ,부화업,611,2024-03-18 14:17:40
4520000,452000000120150002,2008-05-26,,영업/정상,,,,,,336-871,,성호부화장,I,000,2025-12-15 16:15:28,,정상,0000,01,,204768.189027026    ,379625.621549569    ,충청남도 아산시 둔포면 운교리 *-* ,부화업,1337,2015-01-12 18:05:43
4520000,452000000120150001,2008-05-26,,영업/정상,,,,,,336-871,,성호부화장,I,000,2025-12-15 16:15:28,,정상,0000,01,,204768.189027026    ,379625.621549569    ,충청남도 아산시 둔포면 운교리 *-* ,부화업,1336,2015-01-12 17:38:54
4520000,452000000120100001,2010-02-09,,영업/정상,,,,,0,336-875,,두경부화장,I,000,2025-12-15 16:15:28,,정상,0000,01,,206420.754832254    ,380048.775585785    ,충청남도 아산시 둔포면 염작리 ***-* ,부화업,1074,2017-08-14 11:42:31
4520000,452000000120110001,2011-04-01,,폐업,2019-07-24,,,,0,336-881,,올참,I,000,2025-12-15 16:15:28,충청남도 아산시 신창면 서부남로 ***,폐업,0002,03,,192591.535624246    ,365698.555006237    ,충청남도 아산시 신창면 궁화리 **-* ,부화업,1123,2019-07-24 13:41:29
4520000,452000000120090002,2009-02-13,,폐업,2009-10-06,,,,0,336-875,,동산부화장,I,000,2025-12-15 16:15:28,,폐업,0002,03,,206420.754832254    ,380048.775585785    ,충청남도 아산시 둔포면 염작리 ***-* ,부화업,1023,2009-10-06 18:10:43
4520000,452000000120090001,2009-02-09,,폐업,2011-12-06,,,,0,336-873,,신기부화장(신기영농조합법인),I,000,2025-12-15 16:15:28,충청남도 아산시 둔포면 관대길**번길 **,폐업,0002,03,,203356.835890156    ,377694.428597976    ,충청남도 아산시 둔포면 산전리 ***-* ,부화업,1022,2011-12-06 16:37:32
4520000,452000000120080001,2008-12-15,,폐업,2009-02-05,,,,0,336-875,,동산부화장,I,000,2025-12-15 16:15:28,,폐업,0002,03,,206420.754832254    ,380048.775585785    ,충청남도 아산시 둔포면 염작리 ***-* ,부화업,986,2009-02-05 15:09:58
4520000,452000000120050001,2005-08-29,,폐업,2007-12-14,,,,0,336-841,,덕연부화장,I,000,2025-12-15 16:15:28,충청남도 아산시 탕정면 탕정로 ***,폐업,0002,03,,,,충청남도 아산시 탕정면 용두리 *** ,부화업,579,2007-12-14 15:44:26
4520000,452000000120030001,2003-02-18,,폐업,2004-07-23,,,,0,336-822,,계림부화장,I,000,2025-12-15 16:15:28,,폐업,0002,03,,197234.765566099    ,376496.411699843    ,충청남도 아산시 영인면 신봉리 ***-* ,부화업,25,2004-07-26 11:45:39
4520000,452000000120230001,2023-11-23,,영업/정상,,,,,,,31552,농업회사법인에이치비(주)예산농장,I,L00,2025-12-15 16:15:28,충청남도 아산시 도고면 벚꽃로***번길 **-**,정상,0000,01,,188650.419348795    ,359691.112811459    ,충청남도 아산시 도고면 효자리 **-* ,부화업,1519,2023-11-23 11:34:04
4520000,452000000120010001,2001-04-11,,폐업,2006-02-10,,,,0,336-871,,둔포애플부화장,I,000,2025-12-15 16:15:28,,폐업,0002,03,,,,충청남도 아산시 둔포면 석곡리 산 **-** ,부화업,738,2006-07-06 14:19:55
4520000,452000000119980001,2004-06-22,,폐업,2008-12-30,,,,0,336-872,31411,요한부화장,I,000,2025-12-15 16:15:28,충청남도 아산시 둔포면 관대길**번길 **,폐업,0002,03,,203356.835890156    ,377694.428597976    ,충청남도 아산시 둔포면 산전리 ***-* ,부화업,9,2014-02-07 11:31:55
4520000,452000000119950001,1995-05-09,,폐업,2014-03-13,,,,0,336-885,,봉명부화장,I,000,2025-12-15 16:15:28,,폐업,0002,03,,,,충청남도 아산시 신창면 읍내리 **-* ,부화업,2,2014-03-13 19:49:55
4520000,452000000119900001,2004-06-22,,폐업,2011-08-08,,,,0,336-855,,한흥부화장,I,000,2025-12-15 16:15:28,,폐업,0002,03,,,,충청남도 아산시 배방읍 세교리 산 **-* ,부화업,10,2011-08-08 16:59:46
4520000,452000000120140001,2014-02-12,,휴업,,2024-04-24,2025-04-24,,,336-873,31411,요한부화장,I,000,2025-12-15 16:15:28,충청남도 아산시 둔포면 관대길**번길 **,휴업,0001,02,,203453.585611648    ,377688.533121979    ,충청남도 아산시 둔포면 산전리 ***-* ,부화업,1289,2024-04-24 17:28:52
4520000,452000000120120001,2012-08-13,,휴업,,2020-02-07,2023-02-05,,,336-871,,농업회사법인 유한회사 성호,I,L00,2025-12-15 16:15:28,,휴업,0001,02,,204768.189027026    ,379625.621549569    ,충청남도 아산시 둔포면 운교리 *-* ,부화업,1209,2020-02-07 09:27:40
4520000,452000000120030002,2004-06-22,,휴업,,2020-02-07,2023-02-05,,0,336-871,,성호부화장,I,000,2025-12-15 16:15:28,,휴업,0001,02,,204768.189027026    ,379625.621549569    ,충청남도 아산시 둔포면 운교리 *-* ,부화업,12,2020-02-07 09:05:25
4520000,452000000120020001,2004-06-22,,폐업,2008-11-06,,,,0,336-822,,진일부화장,I,000,2025-12-15 16:15:28,충청남도 아산시 영인면 아산호로 ***-**,폐업,0002,03,,,,충청남도 아산시 영인면 창용리 ** ,부화업,11,2008-11-06 11:58:46
4530000,453000000120110002,2011-06-07,,취소/말소/만료/정지/중지,,,,,,356-840,,보령부화장,I,000,2025-12-15 16:15:28,,말소,0004,04,,,,제주특별자치도 서귀포시 색달동 ***-* ,부화업,1118,2011-06-10 14:18:09
4530000,453000000120020001,2002-04-15,,폐업,2018-09-21,,,,0,356-882,,신영부화장,I,000,2025-12-15 16:15:28,,폐업,0002,03,,,,충청남도 서산시 인지면 애정리 *** ,부화업,12,2018-09-21 17:26:00
4530000,453000000120040002,2004-01-12,,폐업,2011-06-03,,,,0,356-842,,두경부화장,I,000,2025-12-15 16:15:28,,폐업,0002,03,,,,충청남도 서산시 음암면 부장리 ***-* ,부화업,13,2011-06-03 15:25:46
4530000,453000000120110001,2011-06-03,,폐업,2016-06-13,,,,,356-840,31941,보령부화장,I,000,2025-12-15 16:15:28,충청남도 서산시 음암면 송바위골길 **-*,폐업,0002,03,,156617.36484467     ,364788.061433338    ,충청남도 서산시 음암면 부장리 ***-* ,부화업,1113,2016-06-13 11:33:35
4530000,453000000120160001,2016-06-21,,폐업,2018-07-03,,,,,,31941,보령부화장,I,000,2025-12-15 16:15:28,충청남도 서산시 음암면 송바위골길 **-*,폐업,0002,03,,156617.36484467     ,364788.061433338    ,충청남도 서산시 음암면 부장리 ***-* ,부화업,1480,2018-07-03 16:53:19
4530000,453000000120180001,2018-07-04,,폐업,2020-10-08,,,,,,31941,보령부화장,I,000,2025-12-15 16:15:28,충청남도 서산시 음암면 송바위골길 **-*,폐업,0002,03,,204712.971215559    ,396402.731109859    ,경기도 평택시 서정동 ***-* ,부화업,1528,2020-10-07 17:59:54
4530000,453000000120040001,2005-03-18,,영업/정상,,,,,0,356-891,32017,주식회사유화농장,I,L00,2025-12-15 16:15:28,충청남도 서산시 부석면 가사수등길 ***-**,정상,0000,01,,141965.930948806    ,360434.488187056    ,충청남도 서산시 부석면 가사리 ****-** ,부화업,3,2024-07-29 10:30:20
4530000,453000000120170001,2017-01-07,,영업/정상,,,,,,,32028,농업회사법인 유한회사 성호,I,L00,2025-12-15 16:15:28,충청남도 서산시 고북면 봉생길 ***-**,정상,0000,01,,,,충청남도 아산시 둔포면 운교리 ,부화업,1497,2020-09-24 09:41:50
4540000,454000000120040002,2004-06-22,,영업/정상,,,,,0,320-833,,상일부화장,I,L00,2025-12-15 16:15:28,충청남도 논산시 연무읍 행정*길 ** (외*필지),정상,0000,01,,211411.365017863    ,292636.817178051    ,충청남도 논산시 연무읍 동산리 ***-* 외*필지 ,부화업,10,2025-01-13 11:24:03
4540000,454000000119850001,1985-12-24,,폐업,2004-11-17,,,,0,320-871,,익산부화장,I,000,2025-12-15 16:15:28,충청남도 논산시 연산면 선비로 ***-**,폐업,0002,03,,,,충청남도 논산시 연산면 표정리 *** ,부화업,8,2004-11-17 10:44:38
4540000,454000000120040007,2004-06-22,,영업/정상,,,,,0,320-812,,강경부화장,I,L00,2025-12-15 16:15:28,충청남도 논산시 채운면 화정길 **,정상,0000,01,,205957.066067637    ,293705.432111539    ,충청남도 논산시 채운면 화정리 ***-* ,부화업,15,2013-11-30 20:06:01
4540000,454000000120110001,2011-09-20,,영업/정상,,,,,,320-833,,신기부화장,U,000,2026-01-30 22:33:20,충청남도 논산시 연무읍 동안로 ****,정상,0000,01,,211200.176703375    ,292013.777141094    ,충청남도 논산시 연무읍 동산리 ***-* ,부화업,958,2026-01-29 13:58:32
4540000,454000000120130001,2013-12-24,,영업/정상,,,,,,320-812,,계룡부화장,I,000,2025-12-15 16:15:28,,정상,0000,01,,,,충청남도 논산시 채운면 심암리 ** ,부화업,1128,2016-11-23 13:20:59
4540000,454000000120250001,2025-11-28,,영업/정상,,,,,,,33008,강선부화장,I,000,2025-12-15 16:15:28,충청남도 논산시 연무읍 연무로 ***-**,정상,0000,01,,208150.68342747     ,292472.312317701    ,충청남도 논산시 연무읍 안심리 ***-** ,부화업,1827,2025-11-28 10:27:02
4540000,454000000120040003,2004-06-22,,영업/정상,,,,,0,320-836,33016,다원부화장,I,000,2025-12-15 16:15:28,충청남도 논산시 연무읍 소룡길 ** (논산부화장),정상,0000,01,,,,경상남도 진주시 금산면 장사리 ***-* ,부화업,11,2025-01-13 11:20:37
4540000,454000000119820001,1982-09-20,,폐업,2005-01-27,,,,0,320-833,,(주)신기부화장,I,000,2025-12-15 16:15:28,,폐업,0002,03,,,,충청남도 논산시 연무읍 동산리 *** ,부화업,6,2005-01-27 13:31:43
4540000,454000000120050001,2005-02-23,,휴업,,2013-12-10,2015-12-31,,0,320-833,,(주)신기,I,L00,2025-12-15 16:15:28,충청남도 논산시 연무읍 동안로 ****,휴업,0001,02,,211126.564472167    ,292065.514416234    ,충청남도 논산시 연무읍 동산리 ***-* ,부화업,111,2015-03-12 17:50:58
4540000,454000000120090001,2009-12-15,,폐업,2013-11-23,,,,0,320-871,32912,계룡부화장,I,000,2025-12-15 16:15:28,충청남도 논산시 연산면 선비로 ***,폐업,0002,03,,216205.231969911    ,303978.014940585    ,충청남도 논산시 연산면 덕암리 ***-* ,부화업,880,2016-11-25 13:20:49
4540000,454000000120050002,2005-04-27,,폐업,2011-09-07,,,,0,320-833,,대경부화장,I,L00,2025-12-15 16:15:28,"충청남도 논산시 연무읍 동안로 **** (,산***-*)",폐업,0002,03,0417421650,211200.176703375    ,292013.777141094    ,"충청남도 논산시 연무읍 동산리 ***-* ,산***-* ",부화업,343,2011-09-14 17:22:23
4540000,454000000120040006,2004-06-22,,폐업,2013-12-17,,,,0,320-812,,채연부화장,I,000,2025-12-15 16:15:28,,폐업,0002,03,,,,충청남도 논산시 채운면 심암리 ** ,부화업,14,2013-12-24 15:58:45
4540000,454000000120040005,2004-06-22,,폐업,2009-06-16,,,,0,320-872,,신광부화장,I,000,2025-12-15 16:15:28,,폐업,0002,03,,,,충청남도 논산시 연산면 신양리 *** ,부화업,13,2009-06-16 17:40:37
4540000,454000000120040004,2004-06-22,,폐업,2009-12-08,,,,0,320-871,,만수부화장,I,000,2025-12-15 16:15:28,충청남도 논산시 연산면 선비로 ***,폐업,0002,03,,216205.231969911    ,303978.014940585    ,충청남도 논산시 연산면 덕암리 ***-* ,부화업,12,2009-12-08 16:42:35
4540000,454000000119890001,1989-02-24,,폐업,1989-02-25,,,,0,320-812,,채연부화장,I,000,2025-12-15 16:15:28,,폐업,0002,03,,,,충청남도 논산시 채운면 심암리 ** ,부화업,450,2005-08-22 18:14:43
4540000,454000000119920001,1992-02-28,,폐업,1992-02-29,,,,0,320-872,,신광부화장,I,000,2025-12-15 16:15:28,,폐업,0002,03,,,,충청남도 논산시 연산면 신양리 *** ,부화업,451,2005-08-22 18:24:54
4540000,454000000119940001,1994-10-14,,폐업,1995-10-14,,,,0,320-833,,상일부화장,I,000,2025-12-15 16:15:28,충청남도 논산시 연무읍 행정*길 **,폐업,0002,03,,211411.365017863    ,292636.817178051    ,충청남도 논산시 연무읍 동산리 ***-* ,부화업,453,2005-08-22 18:31:41
4540000,454000000119940003,1994-01-26,,폐업,1995-01-26,,,,0,320-871,,벧엘부화장,I,000,2025-12-15 16:15:28,,폐업,0002,03,,,,충청남도 논산시 연산면 덕암리 ***-* ,부화업,452,2005-08-22 18:29:11
4540000,454000000119940008,1994-01-26,,폐업,2006-10-09,,,,0,320-873,,(주)지산농원,I,L00,2025-12-15 16:15:28,충청남도 논산시 연산면 화악*길 **-*,폐업,0002,03,,,,충청남도 논산시 연산면 화악리 *** ,부화업,7,2006-10-09 11:23:32
4540000,454000000119950001,1995-08-25,,폐업,1996-08-25,,,,0,320-836,,논산부화장,I,000,2025-12-15 16:15:28,충청남도 논산시 연무읍 소룡길 **,폐업,0002,03,,211979.375846823    ,289333.230748942    ,충청남도 논산시 연무읍 소룡리 ***-* ,부화업,454,2005-08-22 18:35:28
4540000,454000000119980001,1998-06-20,,폐업,2005-01-27,,,,0,320-833,,(주)상경부화장,I,L00,2025-12-15 16:15:28,충청남도 논산시 연무읍 동안로 ****,폐업,0002,03,,211126.564472167    ,292065.514416234    ,충청남도 논산시 연무읍 동산리 ***-* ,부화업,449,2005-08-22 17:54:50
4540000,454000000120000001,2000-05-15,,폐업,2001-01-01,,,,0,320-812,,강경부화장,I,000,2025-12-15 16:15:28,충청남도 논산시 채운면 화정길 **,폐업,0002,03,,205957.066067637    ,293705.432111539    ,충청남도 논산시 채운면 화정리 ***-* ,부화업,455,2005-08-22 18:37:37
4540000,454000000120040001,2004-06-22,,폐업,2025-11-28,,,,0,320-838,33008,하림 연무부화장,I,L00,2025-12-15 16:15:28,충청남도 논산시 연무읍 연무로 ***-**,폐업,0002,03,0417415557,208150.68342747     ,292472.312317701    ,충청남도 논산시 연무읍 안심리 ***-** ,부화업,9,2025-11-28 10:24:03
4550000,455000000119920001,1992-01-14,,폐업,2004-06-15,,,,165,312-852,,금산부화장,I,000,2025-12-15 16:15:28,,폐업,0002,03,,,,충청남도 금산군 남일면 황풍리 *** ,부화업,2,2004-06-16 09:40:35
4550000,455000000120180001,2018-02-12,,영업/정상,,,,,,,32700,대덕진산부화장,I,L00,2025-12-15 16:15:28,충청남도 금산군 진산면 하막현길 **-**,정상,0000,01,,232380.642992637    ,300668.673840195    ,충청남도 금산군 진산면 막현리 ***-* ,부화업,649,2018-02-12 08:28:02
4550000,455000000120030001,2003-06-03,,영업/정상,,,,,1510,312-932,32700,농업회사법인(주)한협원종,I,L00,2025-12-15 16:15:28,충청남도 금산군 진산면 살구정길 ***,정상,0000,01,,229318.271285978    ,295280.645347401    ,충청남도 금산군 진산면 행정리 ***-* ,부화업,7,2025-10-24 16:58:21
4570000,457000000120080001,2008-02-21,,폐업,2022-10-05,,,,0,323-801,,희망부화장,I,000,2025-12-15 16:15:28,,폐업,0002,03,,,,충청남도 부여군 부여읍 정동리 *** ,부화업,503,2022-10-05 14:36:08
4570000,457000000120230001,2023-01-09,,영업/정상,,,,,,,33209,부여부화장,I,L00,2025-12-15 16:15:28,충청남도 부여군 남면 희망로 ***,정상,0000,01,,182513.964301208    ,299686.333049891    ,충청남도 부여군 남면 회동리 ***-* ,부화업,2268,2024-10-18 09:33:50
4570000,457000000120210001,2021-02-08,,영업/정상,,,,,,,33177,농업회사법인(주)영진,I,L00,2025-12-15 16:15:28,충청남도 부여군 석성면 석성북로 ***-**,정상,0000,01,0418373347,,,충청남도 부여군 석성면 현내리 *** ,부화업,2153,2024-10-18 09:19:59
4580000,458000000120050001,2005-01-04,,폐업,2023-11-01,,,,0,325-832,33628,기산부화장,I,000,2025-12-15 16:15:28,충청남도 서천군 기산면 신막로 *-*,폐업,0002,03,0419511073,178476.441496476    ,286131.890911422    ,충청남도 서천군 기산면 신산리 **-* ,부화업,67,2023-11-01 16:29:04
4580000,458000000120050002,2005-03-28,,영업/정상,,,,,0,325-882,33605,충남농원부화장,I,000,2025-12-15 16:15:28,충청남도 서천군 비인면 칠지길 ***,정상,0000,01,0419528100,,,전라북도 군산시 미장동 ***-* ***-* ,부화업,102,2016-10-25 10:41:37
4590000,459000000119910001,1991-01-31,,영업/정상,,,,,0,,,혜선부화장,I,000,2025-12-15 16:15:28,,정상,0000,01,,,,충청남도 청양군 화성면 장계리 *** ,부화업,,2003-04-30 11:45:35
4590000,459000000120040001,2004-09-09,,영업/정상,,,,,0,345-822,33311,혜선농장,I,000,2025-12-15 16:15:28,충청남도 청양군 화성면 대청로 ** (혜선주유소),정상,0000,01,,,,충청남도 청양군 화성면 장계리 ,부화업,10,2015-08-05 15:24:07
4590000,459000000120100001,2010-10-04,,폐업,2019-02-21,,,,0,345-811,,충청남도 축산기술연구소,I,L00,2025-12-15 16:15:28,,폐업,0002,03,0419405500,,,충청남도 청양군 정산면 학암리 *** ,부화업,1051,2019-02-22 14:03:23
4590000,459000000120130001,2013-10-07,,폐업,2019-02-21,,,,,345-811,33350,충청남도축산기술연구소,I,L00,2025-12-15 16:15:28,충청남도 청양군 정산면 큰백길 ***-**,폐업,0002,03,,,,,부화업,1245,2019-02-22 14:05:54
4600000,460000000120000001,2000-12-09,,휴업,,2013-11-26,2015-12-31,,0,350-903,,주식회사 운용농산,I,L00,2025-12-15 16:15:28,충청남도 홍성군 광천읍 홍남동로***번길 ***-**,휴업,0001,02,,170538.312959115    ,336607.491966563    ,충청남도 홍성군 광천읍 운용리 ***-* ,부화업,61,2013-11-29 10:04:54
4600000,460000000120020001,2002-09-24,,영업/정상,,,,,49587,350-901,,농업회사법인한국양계주식회사,I,L00,2025-12-15 16:15:28,,정상,0000,01,0416411048,167556.223235082    ,330562.791457949    ,충청남도 홍성군 광천읍 담산리 ***-* ,부화업,62,2019-05-13 09:05:49
4600000,460000000120100001,2010-11-05,,폐업,2011-03-21,,,,0,350-842,32213,희망부화장,I,000,2025-12-15 16:15:28,충청남도 홍성군 구항면 구성북로 ***-**,폐업,0002,03,,164585.073778986    ,344461.413567533    ,충청남도 홍성군 구항면 오봉리 ***-* 외 *필지(관련지번***) ,부화업,3163,2011-10-30 13:36:38
4600000,460000000120110001,2011-03-21,,폐업,2012-04-13,,,,0,350-842,,유일부화장,I,000,2025-12-15 16:15:28,충청남도 홍성군 구항면 구성북로 ***-** (외 *),폐업,0002,03,,,,충청남도 홍성군 구항면 오봉리 *** 외 * ,부화업,3186,2012-04-16 09:29:35
4600000,460000000120130001,2013-11-28,,영업/정상,,,,,,350-842,32213,농업회사법인(주)에버그린,I,L00,2025-12-15 16:15:28,충청남도 홍성군 구항면 구성북로 ***-**,정상,0000,01,,,,경기도 용인시 기흥구 신갈동 *** ,부화업,3400,2025-01-08 16:55:25
4600000,460000000120040001,2004-11-25,,영업/정상,,,,,0,350-834,,광천부화장,I,000,2025-12-15 16:15:28,,정상,0000,01,0416332907,,,충청남도 홍성군 홍북읍 봉신리 산 **-** ,부화업,235,2021-08-30 08:14:49
4610000,461000000120150001,2015-01-21,,폐업,2021-12-30,,,,,340-935,,성화식품예산부화자,I,L00,2025-12-15 16:15:28,,폐업,0002,03,,,,***-* ,부화업,2312,2022-01-06 15:45:53
4610000,461000000120130001,2013-06-04,,폐업,2015-01-21,,,,,340-935,,(주)마니커,I,L00,2025-12-15 16:15:28,,폐업,0002,03,,177648.239050667    ,362531.003756002    ,충청남도 예산군 고덕면 상궁리 ***-* ,부화업,1914,2015-01-21 09:28:27
4610000,461000000120140001,2014-01-10,,영업/정상,,,,,,340-864,32417,신흥부화장,I,000,2025-12-15 16:15:28,충청남도 예산군 신암면 추사고택로 ***-*,정상,0000,01,,,,충청남도 예산군 신암면 용궁리 *** *통,부화업,2168,2023-06-22 17:30:27
4610000,461000000120150002,2015-01-27,,영업/정상,,,,,,340-935,32401,(주)마니커 예산지점,I,L00,2025-12-15 16:15:28,충청남도 예산군 고덕면 상궁*길 ***,정상,0000,01,,177648.239050667    ,362531.003756002    ,충청남도 예산군 고덕면 상궁리 ***-* ,부화업,2315,2021-04-19 16:53:51
4610000,461000000120140002,2014-09-15,,영업/정상,,,,,,340-811,32443,농업회사법인 (주)한국원종 예산부화장,I,L00,2025-12-15 16:15:28,충청남도 예산군 대술면 대술동로 ** (장복리 산 **),정상,0000,01,,,,충청남도 예산군 대술면 장복리 산 ** ,부화업,2284,2021-07-21 11:16:08
4610000,461000000120100001,2010-12-26,,영업/정상,,,,,0,340-823,,농업회사법인 한흥부화장 주식회사,I,L00,2025-12-15 16:15:28,,정상,0000,01,,,,충청남도 예산군 신양면 차동리 ** 외 *필지 ,부화업,1748,2022-07-06 10:45:03
4610000,461000000119940001,1994-04-22,,영업/정상,,,,,0,340-863,,신흥,I,000,2025-12-15 16:15:28,충청남도 예산군 신암면 추사고택로 ***-** (외*필지),정상,0000,01,,182891.237115972    ,362224.587976352    ,충청남도 예산군 신암면 신택리 ***-** 외*필지 ,부화업,576,2015-03-29 17:08:13
4671000,467100000120170001,2017-11-16,,폐업,2020-10-27,,,,,,54048,(주)동우팜투테이블 나포부화장,I,L00,2025-12-15 16:15:28,전북특별자치도 군산시 나포면 서라로 ***,폐업,0002,03,0634510142,,,전북특별자치도 군산시 나포면 장상리 *** ,부화업,363,2020-10-29 11:33:20
4671000,467100000119970001,1997-03-10,,폐업,2007-07-10,,,,0,573-851,,동우부화장,I,L00,2025-12-15 16:15:28,전북특별자치도 군산시 나포면 서라로 ***,폐업,0002,03,0634510102,,,전북특별자치도 군산시 나포면 장상리 *** ,부화업,3,2007-07-10 11:08:32
4671000,467100000120130001,2013-08-26,,휴업,,2024-01-12,2027-01-11,,,573-851,54048,(주)동우팜투테이블 나포부화장,I,L00,2025-12-15 16:15:28,"전북특별자치도 군산시 나포면 서라로 ***, 주식회사 동우",휴업,0001,02,0634510142,,,전북특별자치도 군산시 나포면 장상리 *** 주식회사 동우 ,부화업,313,2024-01-12 17:06:23
4671000,467100000120050001,2005-01-05,,영업/정상,,,,,0,573-851,54066,(주)동우팜투테이블 개정부화장,I,L00,2025-12-15 16:15:28,"전북특별자치도 군산시 개정면 우산길 **-**, ㈜동우",정상,0000,01,0634510268,,,전북특별자치도 군산시 개정면 통사리 *** ㈜동우 ,부화업,4,2023-05-12 11:28:22
4681000,468100000119950001,1995-11-21,,영업/정상,,,,,0,570-810,54532,호남부화장,I,000,2025-12-15 16:15:28,전북특별자치도 익산시 황등면 황등로 ***-*,정상,0000,01,,194791.263063833    ,279199.449088868    ,전북특별자치도 익산시 황등면 황등리 ***-** ,부화업,9,2014-10-14 09:53:07
4681000,468100000119910001,1991-05-31,,영업/정상,,2025-12-30,2027-12-29,,0,570-810,54531,영생농장,I,L00,2026-01-02 02:40:00,전북특별자치도 익산시 황등면 율동*길 **-*,정상,0000,01,,,,전북특별자치도 익산시 황등면 율촌리 ***-**번지 ,부화업,8,2025-12-31 13:29:02
4681000,468100000120040001,2004-11-01,,폐업,2020-07-16,,,,0,570-800,54511,익산부화장,I,L00,2025-12-15 16:15:28,전북특별자치도 익산시 함열읍 함열로 ***,폐업,0002,03,,,,전북특별자치도 익산시 함열읍 와리 ***-** ,부화업,46,2020-07-16 15:46:19
4681000,468100000120000002,2000-11-02,,휴업,,2022-09-28,2025-09-28,,0,570-210,,성원,I,000,2025-12-15 16:15:28,전북특별자치도 익산시 어곳*길 **-* (어양동),휴업,0001,02,,,,전북특별자치도 익산시 어양동 *** ,부화업,13,2022-09-28 16:42:37
4681000,468100000120190001,2019-08-27,,영업/정상,,,,,,,54531,(주)농업회사법인 삼화원종 율촌2 부화장,I,L00,2025-12-15 16:15:28,"전북특별자치도 익산시 황등면 율촌*길 **, (율촌리 ***-**)",정상,0000,01,,195753.785070211    ,278780.151620299    ,전북특별자치도 익산시 황등면 율촌리 ***-* ,부화업,2264,2025-12-02 13:58:46
4681000,468100000120090001,2009-08-24,,영업/정상,,,,,0,570-862,54508,자원부화장,I,000,2025-12-15 16:15:28,전북특별자치도 익산시 용안면 동지산길 **-**,정상,0000,01,,,,전북특별자치도 익산시 용안면 동지산리 *** ,부화업,1704,2020-12-14 12:05:47
4681000,468100000120070002,2007-03-12,,영업/정상,,,,,0,570-872,,대림부화장,I,000,2025-12-15 16:15:28,,정상,0000,01,,193773.045660473    ,283056.75131558     ,전북특별자치도 익산시 황등면 용산리 ****-* ,부화업,1003,2024-11-14 14:02:55
4681000,468100000120070001,2007-01-24,,영업/정상,,,,,0,570-811,54531,(주)농업회사법인 삼화원종 율촌1 부화장,I,L00,2025-12-15 16:15:28,"전북특별자치도 익산시 황등면 율촌*길 **, (율촌리 ***-*,-*,-*,-*)",정상,0000,01,,195753.785070211    ,278780.151620299    ,전북특별자치도 익산시 황등면 율촌리 ***-* ,부화업,993,2025-12-02 13:50:57
4681000,468100000120030002,2003-05-19,,영업/정상,,,,,0,570-840,54503,농업회사법인(주)사조원 익산부화장,I,L00,2025-12-15 16:15:28,전북특별자치도 익산시 함라면 함라로 ***,정상,0000,01,0638514002,,,"전북특별자치도 익산시 함라면 신등리 **** ,**** ",부화업,16,2024-12-04 17:38:03
4681000,468100000119960001,1996-06-11,,영업/정상,,,,,0,570-890,54521,(주)하림 낭산부화장,I,L00,2025-12-15 16:15:28,"전북특별자치도 익산시 낭산면 진북로 ***-*, 낭산부화장",정상,0000,01,,202425.778484096    ,286846.421278462    ,전북특별자치도 익산시 낭산면 삼담리 **-** 낭산부화장 ,부화업,10,2022-07-13 17:07:34
4681000,468100000119960002,1996-06-13,,영업/정상,,,,,0,570-820,54524,(주)하림 삼기부화장,I,L00,2025-12-15 16:15:28,전북특별자치도 익산시 삼기면 미륵사지로 *** (㈜하림),정상,0000,01,,202511.797777211    ,289338.519154691    ,전북특별자치도 익산시 망성면 어량리 ***-* ,부화업,11,2022-09-20 16:08:09
4681000,468100000120030001,2003-07-10,,영업/정상,,,,,0,570-870,54513,대원,I,000,2025-12-15 16:15:28,전북특별자치도 익산시 용동면 용동로 ***-*,정상,0000,01,,199926.930423292    ,289722.226722596    ,전북특별자치도 익산시 용동면 대조리 ***-** ,부화업,15,2014-10-14 09:51:07
4681000,468100000120010001,2001-05-03,,영업/정상,,,,,0,570-840,54502,새빛부화장,I,000,2025-12-15 16:15:28,전북특별자치도 익산시 함라면 어등길 *,정상,0000,01,,,,전북특별자치도 익산시 용안면 동지산리 ***-* ,부화업,14,2016-12-12 20:07:23
4681000,468100000120000001,2000-03-23,,영업/정상,,,,,0,570-880,,동신부화장,I,000,2025-12-15 16:15:28,전북특별자치도 익산시 망성면 화산길 *,정상,0000,01,,,,전북특별자치도 익산시 망성면 화산리 **** ,부화업,12,2024-11-01 17:01:05
4691000,469100000120090001,2009-09-09,,영업/정상,,,,,0,580-942,,영순부화장,I,000,2025-12-15 16:15:28,전북특별자치도 정읍시 칠보면 칠보산로 ****-**,정상,0000,01,,,,전북특별자치도 정읍시 칠보면 수청리 *** ,부화업,2974,2024-05-02 09:13:03
4691000,469100000120100001,2010-07-13,,영업/정상,,,,,0,580-120,56206,정읍부화장,I,000,2025-12-15 16:15:28,전북특별자치도 정읍시 소성상평로 ***-** (상평동),정상,0000,01,,183929.302295454    ,229460.26874244     ,전북특별자치도 정읍시 상평동 ***-** ,부화업,3114,2023-11-03 11:05:42
4691000,469100000120110001,2011-01-15,,영업/정상,,,,,0,580-942,56129,농업회사법인(주)엘케이덕,I,L00,2025-12-15 16:15:28,전북특별자치도 정읍시 칠보면 세류길 **,정상,0000,01,,,,전라남도 순천시 용당동 *** ,부화업,3218,2022-08-10 10:54:42
4691000,469100000119950002,1995-01-24,,폐업,2003-07-11,,,,165.2,580-905,,계우부화장,I,000,2025-12-15 16:15:28,,폐업,0002,03,,,,전북특별자치도 정읍시 신태인읍 신태인리 ***-* ,부화업,1381,2007-07-11 13:44:36
4691000,469100000119950001,1995-01-24,,폐업,2004-06-23,,,,132.2,580-905,,금성부화장,I,000,2025-12-15 16:15:28,,폐업,0002,03,,189461.348639087    ,243911.306177412    ,전북특별자치도 정읍시 신태인읍 신태인리 ***-* ,부화업,1379,2007-07-11 13:38:18
4691000,469100000119940003,2004-06-01,,폐업,2004-06-07,,,,991.7,580-140,,자연부화장,I,000,2025-12-15 16:15:28,전북특별자치도 정읍시 석고길 *** (과교동),폐업,0002,03,0635318788,185627.542824133    ,227321.890026793    ,전북특별자치도 정읍시 과교동 **-* ,부화업,25,2007-07-11 13:51:51
4691000,469100000119940002,1994-11-30,,폐업,2006-11-21,,,,224.7,580-230,,정읍부화장,I,000,2025-12-15 16:15:28,,폐업,0002,03,,,,전북특별자치도 정읍시 용계동 **-* ,부화업,1382,2007-07-11 13:47:22
4691000,469100000120080002,2008-03-13,,영업/정상,,,,,0,580-841,56144,성우부화장,I,000,2025-12-15 16:15:28,전북특별자치도 정읍시 이평면 요골길 **,정상,0000,01,,,,전북특별자치도 정읍시 이평면 마항리 *** ,부화업,1799,2024-01-09 09:34:45
4691000,469100000120050002,2005-12-02,,영업/정상,,,,,0,580-912,56110,우진부화장,I,000,2025-12-15 16:15:28,전북특별자치도 정읍시 감곡면 백산감산로 ***,정상,0000,01,,193721.646727317    ,243522.265513762    ,전북특별자치도 정읍시 감곡면 진흥리 ***-* ,부화업,958,2024-02-13 10:22:04
4691000,469100000120050001,2005-03-04,,영업/정상,,,,,0,580-872,,소성부화장,I,000,2025-12-15 16:15:28,,정상,0000,01,,,,전북특별자치도 정읍시 소성면 신천리 신천 ***-** ,부화업,174,2015-07-29 09:31:13
4691000,469100000120040003,2004-06-07,,영업/정상,,,,,0,580-140,,자연부화장,I,000,2025-12-15 16:15:28,,정상,0000,01,,,,전북특별자치도 정읍시 과교동 **-*번지 ,부화업,28,2021-08-31 09:32:21
4691000,469100000119870001,1987-08-20,,영업/정상,,,,,1322.3,580-841,56144,성우H.F,I,000,2025-12-15 16:15:28,전북특별자치도 정읍시 이평면 요골길 **,정상,0000,01,,,,전북특별자치도 정읍시 송산동 *** ,부화업,32,2023-10-31 16:23:18
4691000,469100000120150001,2015-04-21,,영업/정상,,,,,,580-883,56216,성지부화장Ⅱ,I,L00,2025-12-15 16:15:28,"전북특별자치도 정읍시 입암면 정읍남로 ***, 동방산업",정상,0000,01,,183245.891640174    ,226621.647588593    ,전북특별자치도 정읍시 입암면 마석리 **-* 동방산업 ,부화업,3699,2021-09-01 15:47:36
4691000,469100000120120001,2012-03-22,,영업/정상,,,,,,580-230,56153,대성부화장,I,000,2025-12-15 16:15:28,전북특별자치도 정읍시 영원로 *** (용계동),정상,0000,01,,182147.492849577    ,231952.520126006    ,전북특별자치도 정읍시 용계동 ***-* ,부화업,3491,2015-07-29 10:33:46
4691000,469100000120180001,2018-02-02,,영업/정상,,,,,,,56122,우진부화장,I,L00,2025-12-15 16:15:28,전북특별자치도 정읍시 산외면 상산로 ***,정상,0000,01,,202927.310124734    ,237375.636297614    ,전북특별자치도 정읍시 산외면 동곡리 ***-* ,부화업,3832,2018-02-02 19:59:52
4691000,469100000120110004,2011-12-09,,영업/정상,,,,,,580-844,,무진부화장,I,000,2025-12-15 16:15:28,전북특별자치도 정읍시 이평면 태평길 ***-**,정상,0000,01,,182068.087532465    ,241874.549636919    ,전북특별자치도 정읍시 이평면 청량리 ***-* ,부화업,3440,2022-06-30 11:16:44
4691000,469100000120110003,2011-07-21,,영업/정상,,,,,,580-871,,삼호부화장,I,L00,2025-12-15 16:15:28,전북특별자치도 정읍시 소성면 입고로 ***,정상,0000,01,,,,전북특별자치도 정읍시 소성면 고교리 *** ,부화업,3369,2016-03-29 08:15:51
4691000,469100000120110002,2011-06-22,,폐업,2018-06-28,,,,,580-841,,영농조합법인 장길부화장,I,L00,2025-12-15 16:15:28,전북특별자치도 정읍시 이평면 석월길 ***-**,폐업,0002,03,,,,전북특별자치도 정읍시 이평면 장내리 **-* ,부화업,3323,2018-06-28 15:43:13
4691000,469100000120080001,2008-02-14,,폐업,2018-09-03,,,,0,580-120,,성지부화장,I,000,2025-12-15 16:15:28,전북특별자치도 정읍시 소성상평로 ***-** (상평동),폐업,0002,03,,,,전북특별자치도 고창군 고창읍 교촌리 ***-** ,부화업,1775,2018-09-03 12:51:26
4691000,469100000120040005,2004-06-23,,폐업,2006-11-22,,,,0,580-905,,금성부화장,I,000,2025-12-15 16:15:28,,폐업,0002,03,,,,전북특별자치도 정읍시 신태인읍 신태인리 *** ,부화업,31,2006-11-27 15:27:52
4691000,469100000120040004,2004-06-07,,폐업,2006-11-21,,,,0,580-230,,정읍부화장,I,000,2025-12-15 16:15:28,,폐업,0002,03,,,,전북특별자치도 정읍시 용계동 **-*번지 ,부화업,29,2006-11-22 10:36:46
4691000,469100000120040001,2004-05-25,,휴업,,2024-10-22,2027-10-21,,0,580-040,56184,영창부화장,I,000,2025-12-15 16:15:28,전북특별자치도 정읍시 용북길 *** (구룡동),휴업,0001,02,,,,전북특별자치도 정읍시 구룡동 *** 외 *필지 ,부화업,24,2024-10-22 14:50:30
4691000,469100000119890001,1989-02-23,,폐업,2003-07-07,,,,396.6,580-822,,마동부화장,I,000,2025-12-15 16:15:28,전북특별자치도 정읍시 정우면 정우남산길 *,폐업,0002,03,,188126.670436628    ,235540.064373925    ,전북특별자치도 정읍시 정우면 우일리 ***-** ,부화업,1380,2009-07-27 12:58:12
4691000,469100000119940001,1994-11-09,,폐업,2015-09-01,,,,396.6,580-060,,영창부화장,I,000,2025-12-15 16:15:28,,폐업,0002,03,,,,전북특별자치도 정읍시 시기동 *** ,부화업,23,2015-09-01 18:06:28
4691000,469100000120030001,2003-01-24,,폐업,2004-12-14,,,,561.3,580-120,,신흥부화장,I,000,2025-12-15 16:15:28,전북특별자치도 정읍시 소성상평로 ***-** (상평동),폐업,0002,03,,183929.302295454    ,229460.26874244     ,전북특별자치도 정읍시 상평동 ***-** ,부화업,1229,2007-03-26 11:23:54
4691000,469100000120040002,2004-06-07,,폐업,2017-10-18,,,,0,580-822,,마동 부화장,I,000,2025-12-15 16:15:28,,폐업,0002,03,,,,전북특별자치도 정읍시 정우면 우일리 ***-**번지 ,부화업,27,2017-10-20 11:43:50
4701000,470100000119920001,1992-07-30,,폐업,2011-11-11,,,,110,590-220,,시온(부화장),I,000,2025-12-15 16:15:28,,폐업,0002,03,,237193.687858938    ,217652.959162783    ,전북특별자치도 남원시 갈치동 ***-* ,부화업,27,2011-11-11 09:32:37
4701000,470100000119940001,1994-06-09,,폐업,2000-05-20,,,,2578,,,성우(부화장),I,000,2025-12-15 16:15:28,,폐업,0002,03,,,,전북특별자치도 남원시 보절면 진기리 ****-*    ,부화업,,2003-04-04 16:39:28
4701000,470100000119950001,1995-02-11,,폐업,2000-05-18,,,,660,,,지리산(부화장),I,000,2025-12-15 16:15:28,,폐업,0002,03,,,,전북특별자치도 남원시 운봉읍 가산리 산 **-*    ,부화업,,2003-04-04 16:45:01
4701000,470100000119970001,1997-09-26,,폐업,2015-01-23,,,,595,590-220,55725,풍년(부화장),I,000,2025-12-15 16:15:28,전북특별자치도 남원시 보산로 ***-** (갈치동),폐업,0002,03,0636359989,,,전북특별자치도 남원시 갈치동 ***-* ,부화업,26,2015-01-23 09:38:20
4701000,470100000120000001,2016-02-09,,영업/정상,,,,2021-06-02,2578,590-881,55706,보절(부화장),I,000,2025-12-15 16:15:28,전북특별자치도 남원시 보절면 진목*길 **,정상,0000,01,,237015.763757425    ,222880.711313163    ,전북특별자치도 남원시 보절면 진기리 ****-* ,부화업,28,2023-01-13 11:08:25
4701000,470100000120100001,2010-06-23,,영업/정상,,,,,0,590-941,55783,농업회사법인(주)다솔,I,L00,2025-12-15 16:15:28,전북특별자치도 남원시 주생면 금풍로 ***-**,정상,0000,01,,,,"전북특별자치도 남원시 주생면 낙동리 *** , ***-*, ***-* ",부화업,1234,2025-08-18 23:17:40
4711000,471100000120110002,2011-10-07,,영업/정상,,,,,,576-310,54418,새만금부화장,I,000,2025-12-15 16:15:28,전북특별자치도 김제시 월산로 ** (장화동),정상,0000,01,,,,전북특별자치도 김제시 용지면 와룡리 ***-* ,부화업,2241,2023-09-25 17:03:26
4711000,471100000120080001,2008-02-20,,영업/정상,,,,,0,576-971,54331,(주)하림 김제PS 부화장,I,L00,2025-12-15 16:15:28,전북특별자치도 김제시 용지면 봉의*길 **-**,정상,0000,01,0635459323,,,전북특별자치도 익산시 망성면 어량리 ***-* ,부화업,1290,2023-09-25 17:02:57
4711000,471100000119930001,1993-01-12,,휴업,,2009-07-24,,,277,576-050,54389,삼성부화장,I,000,2025-12-15 16:15:28,전북특별자치도 김제시 동서*길 *-* (옥산동),휴업,0001,02,,,,전북특별자치도 김제시 옥산동 *** ,부화업,9,2013-12-31 10:46:33
4711000,471100000120020001,2002-07-15,,폐업,2020-07-27,,,,4220,576-941,54350,이지농원부화장,I,000,2025-12-15 16:15:28,전북특별자치도 김제시 금구면 양시*길 **-*,폐업,0002,03,,200066.571626693    ,251708.981700622    ,전북특별자치도 김제시 금구면 용복리 ***-* ,부화업,10,2020-07-26 13:17:55
4711000,471100000120110001,2011-06-17,,폐업,2020-08-14,,,,,576-861,,장산농원,I,000,2025-12-15 16:15:28,전북특별자치도 김제시 만경읍 능제로 ***-**,폐업,0002,03,,,,전북특별자치도 김제시 만경읍 장산리 ** ,부화업,2205,2020-08-14 16:04:25
4711000,471100000119910001,1991-11-15,,영업/정상,,,,,660,576-972,54336,신흥부화장,I,000,2025-12-15 16:15:28,전북특별자치도 김제시 용지면 마항길 **,정상,0000,01,0635424984,194725.687416733    ,258962.019667922    ,전북특별자치도 김제시 용지면 효정리 ***-** ,부화업,7,2023-09-25 17:18:21
4741000,474100000119940001,1994-08-10,,휴업,,2025-09-08,2026-12-31,,0,568-802,55506,무주부화장,I,000,2025-12-15 16:15:28,전북특별자치도 무주군 무주읍 내도로 ***-**,휴업,0001,02,,,,전북특별자치도 무주군 무주읍 읍내리 ****-* ,부화업,5,2025-09-08 11:07:13
4761000,476100000119930001,1993-06-18,,폐업,2003-05-01,,,,0,566-871,,하림 부화장,I,000,2025-12-15 16:15:28,,폐업,0002,03,,,,전북특별자치도 임실군 덕치면 가곡리 산 *** ,부화업,748,2008-10-07 09:53:05
4761000,476100000120190001,2019-06-12,,영업/정상,,,,,,,55942,평화농장,I,000,2025-12-15 16:15:28,전북특별자치도 임실군 덕치면 강동로 ****-**,정상,0000,01,,215267.322869993    ,224363.985984909    ,전북특별자치도 임실군 덕치면 사곡리 ***-* ,부화업,1565,2023-11-24 09:30:39
4771000,477100000120090001,2009-06-16,,폐업,2014-02-26,,,,0,595-851,,미래농장,I,L00,2025-12-15 16:15:28,,폐업,0002,03,,208225.725408808    ,205365.990885655    ,전북특별자치도 순창군 금과면 내동리 ***-* ,부화업,816,2014-02-26 13:40:46
4771000,477100000120100001,2010-09-06,,폐업,2017-08-07,,,,0,595-851,56053,미래팜,I,000,2025-12-15 16:15:28,전북특별자치도 순창군 금과면 매송로 **-**,폐업,0002,03,0636535290,,,전북특별자치도 순창군 금과면 내동리 ,부화업,856,2017-08-08 17:25:53
4781000,478100000120030001,2003-02-21,,폐업,2004-03-16,,,,0,585-832,,환산부화장,I,000,2025-12-15 16:15:28,전북특별자치도 고창군 신림면 환산길 **,폐업,0002,03,,173436.803403082    ,222140.862338066    ,전북특별자치도 고창군 신림면 무림리 ***-** ,부화업,17,2004-06-22 11:03:13
4781000,478100000120040002,2004-03-16,,휴업,,2025-12-03,2028-12-02,,0,585-832,56424,환산부화장,I,L00,2025-12-15 16:15:28,전북특별자치도 고창군 신림면 환산길 **,휴업,0001,02,,,,***-** ,부화업,3,2025-12-12 18:21:48
4781000,478100000120010001,2001-12-27,,폐업,2004-06-11,,,,0,585-832,,신림부화장,I,000,2025-12-15 16:15:28,전북특별자치도 고창군 신림면 신림로 **,폐업,0002,03,,172861.954570623    ,221545.311978137    ,전북특별자치도 고창군 신림면 송용리 ***-** ,부화업,12,2004-06-11 17:31:48
4781000,478100000119960001,1996-03-11,,영업/정상,,,,,0,585-833,,고창농원,I,000,2025-12-15 16:15:28,전북특별자치도 고창군 신림면 사천길 **-**,정상,0000,01,,172331.055905682    ,222578.922697642    ,전북특별자치도 고창군 신림면 법지리 ***-* ,부화업,23,2014-03-25 18:29:26
4781000,478100000120040001,2004-03-16,,영업/정상,,,,,0,585-832,56424,신림부화장,I,000,2025-12-15 16:15:28,전북특별자치도 고창군 신림면 신림로 **,정상,0000,01,,,,전북특별자치도 익산시 어양동 ***-** ,부화업,2,2025-07-21 08:59:21
4781000,478100000120070001,2007-05-23,,영업/정상,,,,,0,585-882,,(주)하림 무장부화장,I,L00,2025-12-28 02:40:00,전북특별자치도 고창군 무장면 칠거리로 ***,정상,0000,01,,161824.818744699    ,211457.149207665    ,전북특별자치도 고창군 무장면 옥산리 ****-* ,부화업,459,2025-12-26 17:13:23
4791000,479100000120110001,2011-04-13,,영업/정상,,,,,0,579-863,56333,우슬재황토촌,I,000,2025-12-15 16:15:28,전북특별자치도 부안군 상서면 용와*길 **,정상,0000,01,,,,전북특별자치도 부안군 상서면 통정리 *** ,부화업,1109,2015-09-15 14:25:07
4800000,480000000120140001,2014-02-21,,휴업,,2015-11-24,2016-03-30,,,530-410,58604,삼신부화장,I,000,2025-12-15 16:15:28,전라남도 목포시 지적로**번길 ** (대양동),휴업,0001,02,,147667.806287234    ,148619.450544598    ,"전라남도 목포시 대양동 ***-* , ***-* ",부화업,23,2015-11-24 15:37:58
4800000,480000000120040001,2004-07-22,,폐업,2019-01-18,,,,0,530-410,58604,삼신부화장,I,000,2025-12-15 16:15:28,전라남도 목포시 지적로**번길 ** (대양동),폐업,0002,03,,,,전라남도 목포시 대양동 *** ,부화업,10,2019-01-18 17:32:45
4800000,480000000120060001,2006-07-28,,폐업,2009-01-28,,,,0,530-410,,삼신부화장,I,000,2025-12-15 16:15:28,전라남도 목포시 지적로**번길 ** (대양동),폐업,0002,03,,147641.79932477     ,148612.77667794     ,전라남도 목포시 대양동 ***-* ,부화업,11,2009-01-29 10:14:02
4830000,483000000120050001,2005-05-10,,폐업,2014-01-29,,,,0,520-310,,(주)화인코리아 평산부화장,I,L00,2026-01-14 16:51:45,전라남도 나주시 금영로 *** (평산동),폐업,0002,03,,177568.37633967     ,166371.856182872    ,전라남도 나주시 평산동 **-* ,부화업,177,2014-01-29 20:53:55
4830000,483000000119950002,1995-01-16,,폐업,2002-03-04,,,,0,520-854,,유리,I,000,2026-01-14 16:51:45,전라남도 나주시 봉황면 유정길 **-*,폐업,0002,03,,,,전라남도 나주시 봉황면 유곡리 *** ,부화업,46,2004-08-17 14:39:40
4830000,483000000120040001,2004-12-07,,폐업,2009-03-20,,,,0,520-831,,산포부화장,I,000,2026-01-14 16:51:45,전라남도 나주시 산포면 매성길 ***-**,폐업,0002,03,,181684.858556309    ,169848.086370003    ,전라남도 나주시 산포면 매성리 ***-* ,부화업,49,2009-03-20 14:00:41
4830000,483000000120150001,2015-04-08,,영업/정상,,,,,,520-923,58302,다복솔부화장,I,000,2026-01-14 16:51:45,전라남도 나주시 반남면 금지로 ***-* (번지외 **필지),정상,0000,01,,,,,부화업,3176,2015-04-08 09:58:00
4830000,483000000120110002,2011-08-03,,영업/정상,,,,,,520-873,,석정오리,I,000,2026-01-14 16:51:45,,정상,0000,01,,174857.54624426     ,155967.564528631    ,전라남도 나주시 세지면 성산리 ***-* ,부화업,2268,2018-04-11 21:20:30
4830000,483000000120110001,2011-06-29,,영업/정상,,,,,,520-933,58282,선경부화장,U,000,2026-01-15 22:34:25,전라남도 나주시 다시면 석관로 ***-**,정상,0000,01,,,,전라남도 나주시 다시면 문동리 *** ,부화업,2255,2026-01-14 14:55:27
4830000,483000000120100001,2010-07-07,,영업/정상,,,,,0,520-811,,노안부화농장,I,000,2026-01-14 16:51:45,전라남도 나주시 노안면 오정길 ***-**,정상,0000,01,,171906.498278458    ,177666.624838895    ,전라남도 나주시 노안면 오정리 ***-* ,부화업,2111,2013-09-29 10:04:38
4830000,483000000120090001,2009-05-06,,영업/정상,,,,,0,520-912,,행운부화장,I,000,2026-01-14 16:51:45,전라남도 나주시 동강면 수문길 **,정상,0000,01,,,,전라남도 나주시 동강면 장동리 *** ,부화업,1991,2013-11-01 11:13:37
4830000,483000000120080002,2008-06-05,,영업/정상,,,,,0,520-912,,경주부화장,I,000,2026-01-14 16:51:45,,정상,0000,01,,158387.943666666    ,155625.254666667    ,전라남도 나주시 동강면 장동리 ****-* ,부화업,1466,2013-11-26 14:35:55
4830000,483000000120080001,2008-06-05,,영업/정상,,,,,0,520-923,58210,다복솔부화장,I,000,2026-01-14 16:51:45,"전라남도 나주시 노안면 금안*길 ** (외*필지(***,,***-*,산**-*,산**-*))",정상,0000,01,,,,전라남도 나주시 노안면 영평리 ,부화업,1465,2015-04-07 18:22:36
4830000,483000000120050002,2005-05-24,,영업/정상,,,,,0,520-912,,윤태농원,I,000,2026-01-14 16:51:45,전라남도 나주시 동강면 대장길 **-**,정상,0000,01,0613370411,,,전라남도 나주시 동강면 대전리 *** ,부화업,193,2014-11-13 10:07:27
4830000,483000000120020001,2002-04-04,,영업/정상,,,,,0,520-911,58294,(유) 평화농장,I,L00,2026-01-14 16:51:45,전라남도 나주시 동강면 옥정로 *** (외 *필지),정상,0000,01,,156187.913066009    ,158219.297858067    ,전라남도 나주시 동강면 옥정리 ****-** 외 *필지 ,부화업,32,2023-11-13 13:44:23
4830000,483000000119950001,1995-01-16,,영업/정상,,,,,0,520-891,,화이트덕영농조합법인부화장,I,L00,2026-01-14 16:51:45,전라남도 나주시 공산면 가송로 ***-**,정상,0000,01,,,,전라남도 나주시 공산면 가송리 *** ,부화업,33,2008-06-10 11:29:55
4830000,483000000120070001,2007-09-14,,휴업,,2013-10-16,2015-10-15,,0,520-883,,인원부화장,I,000,2026-01-14 16:51:45,,휴업,0001,02,0613355233,165072.616506039    ,161801.120540436    ,전라남도 나주시 왕곡면 송죽리 ***-* ,부화업,1327,2013-10-16 16:45:52
4850000,485000000120050001,2005-05-21,,폐업,2023-10-19,,,,0,517-913,,유림부화장,I,000,2025-12-15 16:15:28,전라남도 담양군 수북면 대방두정길 ***-**,폐업,0002,03,,193806.015295671    ,202435.604429924    ,전라남도 담양군 수북면 두정리 ***-* ,부화업,63,2023-10-19 14:14:20
4850000,485000000120020001,1997-05-15,,폐업,2008-01-31,,,,0,517-820,,삼영부화장,I,000,2025-12-15 16:15:28,,폐업,0002,03,,,,전라남도 담양군 용면 쌍태리 *** ,부화업,9,2008-01-31 16:07:06
4850000,485000000120080001,2008-01-17,,폐업,2017-02-21,,,,0,517-822,57302,담양은혜부화장,I,000,2025-12-15 16:15:28,전라남도 담양군 용면 추령로 ***-**,폐업,0002,03,,,,전라남도 담양군 용면 쌍태리 ** ,부화업,465,2017-02-21 11:15:56
4850000,485000000120020002,2000-07-12,,휴업,,2002-03-02,2003-03-03,,0,,,광주부화장,I,000,2025-12-15 16:15:28,전라남도 담양군 금성면 오평길 **-*,휴업,0001,02,,,,전라남도 담양군 금성면 원율리 *** ,부화업,,2002-10-17 10:36:30
4850000,485000000120020004,2002-06-28,,폐업,2021-10-27,,,,0,517-921,,성산부화장,I,000,2025-12-15 16:15:28,,폐업,0002,03,,,,광주광역시 북구 운암동 ***-* ,부화업,8,2021-10-27 14:31:22
4850000,485000000120020003,1994-09-22,,폐업,2021-11-17,,,,0,517-852,57366,대추부화장,I,000,2025-12-15 16:15:28,전라남도 담양군 봉산면 대추*길 ***,폐업,0002,03,,,,경기도 성남시 중원구 성남동 ****-** ,부화업,7,2021-11-17 15:19:22
4860000,486000000119990001,1999-08-26,,폐업,2005-03-15,,,,0,516-802,,화신부화장,I,000,2025-12-15 16:15:28,,폐업,0002,03,,224535.832107063    ,195746.623206182    ,전라남도 곡성군 곡성읍 구원리 **-* ,부화업,4,2005-03-15 18:24:03
4860000,486000000120050001,2005-04-12,,폐업,2008-02-29,,,,0,516-802,,우림부화장,I,000,2025-12-15 16:15:28,,폐업,0002,03,,224503.653547982    ,195763.091549634    ,전라남도 곡성군 곡성읍 구원리 **-* ,부화업,51,2008-02-29 13:38:54
4880000,488000000120120001,2012-08-20,,영업/정상,,,,,,548-841,59505,고흥부화장,I,L00,2025-12-15 16:15:28,"전라남도 고흥군 남양면 남양로 ***-**, **-*,**-*,**-*,**,**,**-*,**-*",정상,0000,01,0627135251,,,"전북특별자치도 남원시 주생면 낙동리 *** **-*,**-*,**-*,**,**,**-*,**-* ",부화업,2505,2025-06-30 09:33:55
4880000,488000000120250001,2025-06-30,,영업/정상,,,,,,,59505,고흥 부화장,I,L00,2025-12-15 16:15:28,전라남도 고흥군 남양면 남양로 ***-**,정상,0000,01,0627135294,,,"전라남도 고흥군 남양면 침교리 *** , **-*, **-*, **-*, **, **, **-*, **-* ",부화업,3160,2025-06-30 09:17:54
4890000,489000000120210001,2021-04-30,,영업/정상,,,,,,,,신흥보성부화장,I,000,2025-12-15 16:15:28,,정상,0000,01,,,,전라남도 보성군 보성읍 옥암리 *** 외 **필지 ,부화업,1485,2021-04-30 11:06:56
4890000,489000000120140001,2014-01-17,,취소/말소/만료/정지/중지,,,,,,546-801,59446,신흥보성부화장,I,000,2025-12-15 16:15:28,전라남도 보성군 보성읍 일림로 ****-**,말소,0004,04,,,,충청남도 예산군 신암면 용궁리 *** 외 **필지 ,부화업,1004,2021-06-15 15:32:24
4900000,490000000120090001,2013-03-14,,영업/정상,,,,,0,519-893,58144,인백팜(주) 화순부화장,I,L00,2025-12-15 16:15:28,전라남도 화순군 사평면 사호로 **-*,정상,0000,01,0613792104,207208.672406528    ,168197.69304581     ,전라남도 화순군 사평면 벽송리 ***-* ,부화업,432,2023-02-03 16:01:32
4900000,490000000120180001,2018-02-28,,영업/정상,,,,,,,58161,블랙팜영농조합법인,I,L00,2025-12-15 16:15:28,전라남도 화순군 청풍면 차풍로 ***-*,정상,0000,01,,197664.473988403    ,153994.203697652    ,전라남도 화순군 청풍면 세청리 ***-* 외 *필지 ,부화업,1219,2018-02-28 16:53:31
4900000,490000000120110001,2011-03-28,,폐업,,,,,0,519-822,,화순우리맛닭영농조합법인,I,L00,2025-12-15 16:15:28,,폐업,0002,03,0613753003,205613.85279541     ,163125.771695275    ,"전라남도 화순군 한천면 동가리 ***-* (***-*, ***-*) ",부화업,535,2025-11-13 13:32:25
4910000,491000000120120001,2012-03-29,,영업/정상,,,,,,529-851,59338,농업회사법인한국원종오리(유),I,L00,2025-12-15 16:15:28,전라남도 장흥군 안양면 고당월계길 ***,정상,0000,01,0618645233,,,전라남도 장흥군 안양면 당암리 * ,부화업,1459,2015-05-14 09:44:37
4910000,491000000119940001,2004-05-03,,폐업,2021-10-20,,,,760,529-804,,남양부화장,I,000,2025-12-15 16:15:28,전라남도 장흥군 장흥읍 읍성로 **,폐업,0002,03,0618633487,,,전라남도 장흥군 장흥읍 남외리 *** ,부화업,6,2021-10-25 16:06:05
4920000,492000000119940001,1994-11-10,,폐업,,,,,2975,527-823,59217,작천부화장,I,000,2025-12-15 16:15:28,전라남도 강진군 작천면 중당*길 **-*,폐업,0002,03,,,,전라남도 강진군 작천면 삼당리 *** ,부화업,1097,2011-10-30 13:41:41
4920000,492000000119940002,1989-06-14,,폐업,,,,,0,527-853,59223,강진부화장,I,000,2025-12-15 16:15:28,전라남도 강진군 군동면 까치내로 **-**,폐업,0002,03,,,,전라남도 강진군 강진읍 남성리 *** ,부화업,5,2011-10-30 13:50:32
4920000,492000000119990001,1999-08-31,,휴업,,2020-09-11,2023-09-11,,10000,527-811,59206,부성부화장,I,000,2025-12-15 16:15:28,전라남도 강진군 성전면 신예장등길 **,휴업,0001,02,,174434.034543665    ,130711.531770396    ,전라남도 강진군 성전면 도림리 ***-* ,부화업,6,2020-09-11 13:58:58
4930000,493000000120150001,2015-05-07,,폐업,2017-09-27,,,,,536-802,59045,디원부화장,I,L00,2025-12-15 16:15:28,전라남도 해남군 해남읍 호교길 **-***,폐업,0002,03,,157334.289801798    ,118490.369891282    ,전라남도 해남군 해남읍 복평리 ***-* ,부화업,1418,2017-09-27 16:27:01
4930000,493000000120020001,2002-01-12,,폐업,2004-12-24,,,,0,536-811,,대흥부화장,I,000,2025-12-15 16:15:28,,폐업,0002,03,,,,전라남도 해남군 삼산면 평활리 *** ,부화업,71,2005-08-11 14:16:41
4940000,494000000120090001,2009-06-22,,폐업,2018-02-12,,,,0,526-821,,덕신영농조합법인,I,L00,2025-12-15 16:15:28,전라남도 영암군 덕진면 입비동길 ** (외**필지),폐업,0002,03,,171152.366574117    ,150305.748376799    ,전라남도 영암군 덕진면 장선리 **-** 외**필지 ,부화업,972,2018-02-21 19:57:28
4940000,494000000120040001,2004-07-07,,폐업,2006-01-17,,,,0,526-812,,대명부화장,I,000,2025-12-15 16:15:28,,폐업,0002,03,,,,전라남도 영암군 신북면 유곡리 *** ,부화업,27,2006-01-17 16:05:13
4940000,494000000120210001,2021-09-23,,폐업,2026-01-21,,,,,,58408,농업회사법인 주식회사 팜스,U,L00,2026-01-22 22:33:20,전라남도 영암군 덕진면 예향로 ****-**,폐업,0002,03,,,,전라남도 목포시 달동 ***-** ,부화업,1930,2026-01-21 15:19:55
4940000,494000000120230001,2023-09-04,,영업/정상,,,,,,,58408,덕스토리,I,000,2025-12-15 16:15:28,전라남도 영암군 덕진면 서리등로 **-**,정상,0000,01,,171120.488915624    ,149076.680818941    ,전라남도 영암군 덕진면 장선리 **-* ,부화업,2043,2023-09-01 19:24:38
4940000,494000000120070001,2007-06-04,,영업/정상,,,,,0,526-821,58408,농업회사법인 주식회사 팜스,U,L00,2026-01-29 22:33:20,전라남도 영암군 덕진면 예향로 ****-**,정상,0000,01,,171709.24060258     ,147630.229079889    ,전라남도 영암군 덕진면 금강리 ***-** ,부화업,621,2026-01-28 21:08:33
4940000,494000000120060001,2006-01-17,,영업/정상,,,,,0,526-812,58401,신북부화장,I,000,2025-12-15 16:15:28,전라남도 영암군 신북면 닭실길 **,정상,0000,01,,171232.313540743    ,155961.104380464    ,전라남도 영암군 신북면 유곡리 ***-* ,부화업,552,2019-10-28 18:08:40
4940000,494000000120040002,2004-11-29,,취소/말소/만료/정지/중지,,,,,0,526-821,,덕신영농조합법인,I,L00,2025-12-15 16:15:28,,말소,0004,04,,,,전라남도 영암군 덕진면 금강리 **-* ,부화업,31,2009-06-22 13:36:49
4950000,495000000120170001,2017-02-20,,영업/정상,,,,,,,58504,친환경양계영농조합법인,I,L00,2025-12-15 16:15:28,전라남도 무안군 해제면 해제지도로 ***-**,정상,0000,01,,,,***-*** 주*동 ,부화업,2324,2023-09-20 17:29:43
4950000,495000000120210001,2021-06-17,,영업/정상,,,,,,,58540,제이엔티,I,000,2025-12-15 16:15:28,전라남도 무안군 청계면 송복길 ***-**,정상,0000,01,,,,전라남도 무안군 청계면 청수리 *** ,부화업,2553,2025-07-28 17:27:05
4950000,495000000120000001,2000-06-03,,영업/정상,,,,,0,534-821,58563,현대부화장,I,000,2025-12-15 16:15:28,전라남도 무안군 삼향읍 오룡산로 ***-*,정상,0000,01,,152430.700198085    ,147677.150630129    ,전라남도 무안군 삼향읍 용포리 ***-** ,부화업,5,2018-07-27 09:47:30
4950000,495000000120070001,2007-04-30,,영업/정상,,,,,0,534-833,58541,제이엔티,I,000,2025-12-15 16:15:28,전라남도 무안군 청계면 남청길 **-**,정상,0000,01,,147749.991737743    ,161434.657141495    ,전라남도 무안군 청계면 청수리 ***-* ,부화업,731,2024-12-13 17:06:33
4950000,495000000120070002,2007-12-24,,영업/정상,,,,,0,534-844,58514,은수네 부화장,I,000,2025-12-15 16:15:28,전라남도 무안군 현경면 장군로 ***-*,정상,0000,01,,,,"전라남도 무안군 현경면 현화리 ** , **번지 *호 ",부화업,881,2024-08-22 09:20:24
4950000,495000000120140002,2014-04-10,,영업/정상,,,,,,534-813,58549,삼신부화장,I,000,2025-12-15 16:15:28,전라남도 무안군 몽탄면 몽탄로 ****-**,정상,0000,01,,,,"전라남도 무안군 몽탄면 청용리 * ((*,*,**-*,**-*) ",부화업,2221,2020-11-27 15:58:58
4950000,495000000120020001,2002-10-30,,폐업,2024-11-04,,,,0,534-834,58556,청계부화장,I,000,2025-12-15 16:15:28,전라남도 무안군 청계면 학유정길 **-**,폐업,0002,03,,,,전라남도 무안군 청계면 청계리 *** ,부화업,6,2024-11-04 10:33:03
4950000,495000000120140001,2014-04-10,,휴업,,2018-01-24,2018-04-30,,,534-801,,화설농장,I,000,2025-12-15 16:15:28,,휴업,0001,02,,,,전라남도 무안군 무안읍 교촌리 **** ,부화업,2220,2018-01-24 10:09:10
4950000,495000000120080001,2008-06-03,,휴업,,2014-09-29,2015-09-25,,0,534-841,58509,현경부화장,I,000,2025-12-15 16:15:28,전라남도 무안군 현경면 가입길 **-**,휴업,0001,02,,139450.062403572    ,176635.485900412    ,전라남도 무안군 현경면 가입리 산 **-* ,부화업,1138,2014-09-29 10:45:41
4960000,496000000120170002,2017-10-10,,영업/정상,,,,,,,57131,송암부화장,I,000,2025-12-15 16:15:28,전라남도 함평군 나산면 월암로 ****-**,정상,0000,01,,,,전라남도 함평군 나산면 송암리 * ,부화업,2144,2017-11-20 10:16:41
4960000,496000000120170001,2017-08-17,,영업/정상,,,,,,,,함평 부화장,I,000,2025-12-15 16:15:28,전라남도 함평군 대동면 벽류길 **-*,정상,0000,01,,,,***-** ,부화업,2142,2025-06-11 10:27:34
4960000,496000000120070001,2007-05-23,,영업/정상,,,,,0,525-881,57121,대화오리부화장,I,000,2025-12-15 16:15:28,전라남도 함평군 월야면 문화로 ****-**,정상,0000,01,,164773.399284423    ,190608.109274033    ,전라남도 함평군 월야면 예덕리 ***-** ,부화업,547,2016-03-15 10:33:34
4960000,496000000120070002,2007-06-13,,영업/정상,,,,,0,525-883,,대성농장,I,000,2025-12-15 16:15:28,전라남도 함평군 월야면 해보만년길 ***-**,정상,0000,01,,163229.257500988    ,188746.030830644    ,전라남도 함평군 월야면 용정리 **-* ,부화업,556,2016-08-17 11:15:50
4960000,496000000120070003,2018-09-20,,영업/정상,,,,,0,525-873,57117,부러나 부화장,I,000,2025-12-15 16:15:28,전라남도 함평군 해보면 해삼로 ***-*,정상,0000,01,,,,전라남도 함평군 월야면 외치리 ***-* ,부화업,585,2025-06-11 10:27:17
4960000,496000000120030001,2003-02-06,,폐업,2016-09-07,,,,100,,,샘오리부화장,I,000,2025-12-15 16:15:28,,폐업,0002,03,,,,전라남도 함평군 나산면 송암리 *** ,부화업,,2016-09-07 15:49:27
4960000,496000000120100001,2010-03-18,,폐업,2016-03-16,,,,0,525-873,,오리연,I,000,2025-12-15 16:15:28,전라남도 함평군 해보면 해삼로 ***-*,폐업,0002,03,,163982.212814126    ,188524.290657339    ,전라남도 함평군 해보면 문장리 ***-* ,부화업,1560,2016-03-16 14:03:37
4960000,496000000120040001,2004-08-19,,휴업,,2023-01-18,2099-01-01,,0,525-882,,쌍둥이부화장,I,000,2025-12-15 16:15:28,전라남도 함평군 월야면 밀재로 ****-**,휴업,0001,02,,,,전라남도 함평군 월야면 외치리 *** ,부화업,7,2023-01-18 10:23:08
4960000,496000000120120003,2012-04-06,,영업/정상,,,,,,525-873,57117,농업회사법인(주)다솔,I,L00,2025-12-15 16:15:28,전라남도 함평군 해보면 밀재로 ****-*,정상,0000,01,,,,전라남도 장흥군 장흥읍 해당리 ***-* ,부화업,1833,2024-02-14 15:06:29
4960000,496000000120120002,2012-04-06,,영업/정상,,,,,,525-832,57135,농업회사법인 하느리농원주식회사,I,L00,2025-12-15 16:15:28,전라남도 함평군 대동면 벽류길 **,정상,0000,01,,153641.070596215    ,180069.433744943    ,전라남도 함평군 대동면 금산리 ***-** ,부화업,1832,2022-09-15 16:14:28
4960000,496000000120110001,2011-01-06,,영업/정상,,,,,0,525-811,,농업회사법인 유한회사 선,I,L00,2025-12-15 16:15:28,전라남도 함평군 학교면 학교신평길 **-** (외 *필지),정상,0000,01,,159378.214904439    ,173098.106223826    ,전라남도 함평군 학교면 마산리 ***-* 외 *필지 ,부화업,1649,2025-07-31 09:56:15
4970000,497000000120150001,2015-07-03,,폐업,2020-02-12,,,,,513-821,57056,성실부화장,I,000,2025-12-15 16:15:28,전라남도 영광군 묘량면 묘량로 ***,폐업,0002,03,,,,전라남도 영광군 묘량면 영양리 *** ,부화업,1242,2020-02-13 16:40:55
4970000,497000000120040001,2004-01-02,,폐업,2013-02-12,,,,320,513-821,57056,성실부화장,I,000,2025-12-15 16:15:28,전라남도 영광군 묘량면 묘량로 ***,폐업,0002,03,,,,광주광역시 광산구 운수동 *** ,부화업,10,2013-02-12 16:19:36
4980000,498000000120100001,2010-01-22,,영업/정상,,,,,0,515-872,,갑오농산,I,000,2026-01-07 17:27:13,전라남도 장성군 삼계면 함장로 ****,정상,0000,01,,171242.21997948     ,196563.398904843    ,전라남도 장성군 삼계면 발산리 ***-* ,부화업,604,2010-01-22 11:58:58
4980000,498000000120040002,2004-06-15,,영업/정상,,,,,0,515-881,,영성오리농장,I,000,2026-01-07 17:27:13,,정상,0000,01,,,,전라남도 장성군 삼서면 석마리 산 ** ,부화업,7,2021-04-07 10:57:43
5010000,501000000120100001,2010-11-09,,폐업,2013-09-30,,,,0,535-831,,덕인 부화.양계장,I,000,2025-12-15 16:15:28,,폐업,0002,03,,115161.565915347    ,177240.788798141    ,전라남도 신안군 임자면 광산리 ***-* ,부화업,630,2013-10-01 14:52:44
5020000,502000000120080001,2008-06-25,,폐업,2017-08-24,,,,0,791-872,37522,신광부화장,I,000,2026-01-07 17:29:11,경상북도 포항시 북구 신광면 비학로 ***-*,폐업,0002,03,0542439535,,,경상북도 포항시 북구 신광면 죽성리 ** ,부화업,540,2017-08-25 10:54:17
5050000,505000000120180001,2018-08-31,,폐업,2023-08-29,,,,,,38184,산골농장,I,000,2025-12-15 16:15:28,경상북도 경주시 산내면 가라골길 *-**,폐업,0002,03,,,,경상북도 경주시 산내면 우라리 산 *** ,부화업,5404,2023-08-29 11:41:04
5050000,505000000119960001,1996-11-07,,휴업,,2024-07-01,2026-06-30,,3146,780-873,38038,경주부화장,I,000,2025-12-15 16:15:28,경상북도 경주시 천북면 천북남로 ***-**,휴업,0001,02,,405720.747468358    ,266251.562539507    ,경상북도 경주시 천북면 물천리 ***-* ,부화업,6,2024-06-24 09:26:27
5060000,506000000119990001,1999-09-01,,폐업,2004-03-08,,,,7948,740-822,,삼우축산부화장,I,000,2025-12-15 16:15:28,,폐업,0002,03,,295284.70208453     ,295884.823487386    ,경상북도 김천시 봉산면 인의리 ***-* ,부화업,1,2004-04-07 09:46:18
5060000,506000000120120001,2012-11-26,,영업/정상,,,,,,740-841,39514,해오름부화장,I,000,2025-12-15 16:15:28,경상북도 김천시 개령면 개령로 ***-**,정상,0000,01,,,,경상북도 김천시 개령면 남전리 *** ,부화업,1344,2019-10-08 11:45:09
5080000,508000000120120001,2012-03-06,,폐업,2024-10-08,,,,,730-806,39133,하복 부화장,I,000,2025-12-15 16:15:28,경상북도 구미시 선산읍 선산봉곡*길 **-*,폐업,0002,03,,312721.082863276    ,305624.091374646    ,경상북도 구미시 선산읍 봉곡리 ***-* ,부화업,981,2024-10-08 16:22:40
5090000,509000000119990001,1999-10-16,,폐업,2016-02-03,,,,29800,,,봉산부화장,I,000,2025-12-15 16:15:28,경상북도 영주시 조와로 *** (조와동),폐업,0002,03,,344823.18667142     ,373870.703147708    ,경상북도 영주시 조와동 ***-** ,부화업,,2002-12-10 09:20:50
5090000,509000000120040002,2004-09-04,,영업/정상,,,,,0,750-871,,경상북도 축산기술연구소,U,L00,2026-01-20 21:33:20,경상북도 영주시 안정면 대룡산로 ***,정상,0000,01,0546304522,,,경상북도 영주시 안정면 묵리 *** ,부화업,6,2026-01-19 17:44:46
5090000,509000000120040001,2004-06-24,,영업/정상,,,,,0,750-130,36062,봉산부화장,I,000,2025-12-15 16:15:28,"경상북도 영주시 조와로 ***, 봉산농장 (조와동)",정상,0000,01,0546312858,344763.116981182    ,373891.043407311    ,경상북도 영주시 조와동 ***-* 봉산농장 ,부화업,4,2022-03-04 09:50:07
5100000,510000000120110001,2011-10-20,,영업/정상,,,,,,770-804,38882,대영농원,I,L00,2025-12-15 16:15:28,경상북도 영천시 금호읍 어은길 **-**,정상,0000,01,,370252.439055876    ,270976.373623196    ,경상북도 영천시 금호읍 냉천리 ***-* 외 *필 ,부화업,1409,2016-11-28 11:08:01
5100000,510000000120070001,2007-05-16,,영업/정상,,,,,0,770-803,,파인스부화장,I,L00,2025-12-15 16:15:28,경상북도 영천시 금호읍 대구대길 ***-*,정상,0000,01,,,,경상북도 영천시 금호읍 삼호리 *** ,부화업,511,2025-07-08 14:56:39
5100000,510000000120040001,2004-09-16,,영업/정상,,,,2015-10-16,0,770-804,,대영부화장,I,L00,2025-12-15 16:15:28,경상북도 영천시 금호읍 어은길 *,정상,0000,01,0543367401,,,경상북도 영천시 금호읍 냉천리 *** ,부화업,8,2015-10-16 12:47:51
5100000,510000000119960001,1996-11-19,,영업/정상,,,,,0,770-260,38821,신라부화장,I,000,2025-12-15 16:15:28,경상북도 영천시 대전길 ** (대전동),정상,0000,01,,,,경상북도 영천시 대전동 *** ,부화업,2,2016-01-15 08:33:51
5100000,510000000120000002,2000-06-13,,폐업,2011-08-22,,,,4990,770-852,,화산농원,I,L00,2025-12-15 16:15:28,,폐업,0002,03,,,,경상북도 영천시 화산면 연계리 ***-* ,부화업,1,2011-08-25 16:37:06
5100000,510000000120000001,2000-04-25,,폐업,2003-12-23,,,,0,,,대구경북양계축산업협동조합 영천부화장,I,000,2025-12-15 16:15:28,경상북도 영천시 금호읍 어은길 *,폐업,0002,03,,,,경상북도 영천시 금호읍 냉천리 *** ,부화업,,2003-12-23 14:48:41
5110000,511000000120030001,2003-05-15,,영업/정상,,,,,0,742-963,37127,(주)올품 사벌부화장,I,L00,2025-12-15 16:15:28,경상북도 상주시 사벌국면 경천로 ***-**,정상,0000,01,0545349815,310565.348551688    ,330392.638877728    ,경상북도 상주시 사벌국면 묵하리 ***-* ,부화업,631,2024-01-23 20:56:15
5130000,513000000120220001,2022-04-06,,영업/정상,,,,,,,38479,농업회사법인 에이원 주식회사,I,L00,2025-12-15 16:15:28,경상북도 경산시 진량읍 금박로 ***,정상,0000,01,,367711.919397557    ,265215.61518795     ,경상북도 경산시 진량읍 아사리 ***-* ,부화업,1643,2022-04-06 11:44:00
5130000,513000000120070001,2007-04-06,,폐업,2024-06-28,,,,0,712-834,38479,농업회사법인비에이치주식회사,I,L00,2025-12-15 16:15:28,경상북도 경산시 진량읍 금박로 ***,폐업,0002,03,,367711.919397557    ,265215.61518795     ,경상북도 경산시 진량읍 아사리 ***-* ,부화업,503,2024-11-25 15:17:29
5130000,513000000119960001,1996-11-19,,휴업,,2018-12-13,2019-12-13,,0,766-823,38411,신영부화장,I,000,2025-12-15 16:15:28,경상북도 경산시 와촌면 박사강변로 ***,휴업,0001,02,,,,경상북도 경산시 와촌면 소월리 *** ,부화업,1417,2018-12-13 15:58:24
5141000,514000000120220001,2022-11-24,,취소/말소/만료/정지/중지,,,,,,,43100,명품부화장,I,000,2025-12-15 16:15:28,대구광역시 군위군 소보면 사촌길 ***-**,말소,0004,04,,,,경상북도 칠곡군 지천면 창평리 **** ,부화업,941,2023-03-27 20:15:37
5190000,519000000119960001,1996-11-05,,폐업,2004-08-27,,,,0,714-806,,동원부화장,I,000,2025-12-15 16:15:28,,폐업,0002,03,,358161.384568683    ,241487.794387739    ,경상북도 청도군 청도읍 송읍리 ***-* ,부화업,3,2004-08-27 14:55:58
5210000,521000000120050001,2005-03-03,,휴업,,2021-03-01,2026-05-23,,0,719-834,40046,오성부화장,I,000,2025-12-15 16:15:28,경상북도 성주군 선남면 신부길 **,휴업,0001,02,,,,경상북도 경산시 계양동 *** ,부화업,113,2023-09-25 09:17:12
5220000,522000000119970001,1997-12-27,,영업/정상,,,,,3000,718-912,39852,성진부화장,I,L00,2025-12-15 16:15:28,경상북도 칠곡군 가산면 송신로 **,정상,0000,01,,338342.749649803    ,288629.452480378    ,경상북도 칠곡군 가산면 천평리 **-* ,부화업,4,2016-07-20 11:20:36
5230000,523000000120210001,2021-01-22,,영업/정상,,,,,,,36809,농업회사법인 (주)에버그린 예천지점,I,L00,2025-12-15 16:15:28,"경상북도 예천군 감천면 예영로 ****-**, 에버그린(농업회사법인)",정상,0000,01,0312807705,,,**** 에버그린(농업회사법인) ,부화업,2627,2024-11-19 17:32:36
5230000,523000000120110001,2011-02-18,,폐업,2012-02-24,,,,0,757-912,,덕원부화장,I,000,2025-12-15 16:15:28,,폐업,0002,03,,,,"경상북도 예천군 예천읍 남본리 ****-* ****번지 *호, ****번지 ",부화업,671,2012-03-16 13:47:51
5310000,531000000120040001,2004-04-02,,폐업,2012-01-06,,,,0,660-831,,협진부화장,I,000,2025-12-15 16:15:28,,폐업,0002,03,,,,경상남도 진주시 금곡면 검암리 ****-* ,부화업,1,2012-01-07 11:21:05
5310000,531000000120040003,2004-04-02,,폐업,2021-08-17,,,,0,660-941,52600,진주부화장,I,000,2025-12-15 16:15:28,경상남도 진주시 미천면 진산로****번길 **,폐업,0002,03,,,,경상남도 진주시 미천면 효자리 *** ,부화업,11,2021-08-17 09:44:56
5310000,531000000120050001,2005-04-06,,폐업,2014-02-17,,,,0,660-912,,진주오리농장,I,000,2025-12-15 16:15:28,경상남도 진주시 대곡면 널방재길 ***,폐업,0002,03,,305052.009208258    ,199970.082855918    ,경상남도 진주시 대곡면 설매리 ****-* ,부화업,73,2014-02-17 11:09:48
5340000,534000000120070001,2007-04-12,,폐업,2015-03-03,,,,0,664-821,,연희농장,I,000,2025-12-15 16:15:28,,폐업,0002,03,,,,경상남도 사천시 서포면 자혜리 *** ,부화업,308,2015-03-03 22:33:22
5350000,535000000119920001,1992-12-07,,영업/정상,,,,,0,621-823,50800,신진BHB,I,000,2025-12-15 16:15:28,경상남도 김해시 생림면 생림대로***번길 **,정상,0000,01,,368114.637153051    ,206324.522067589    ,경상남도 김해시 생림면 봉림리 ***-* ,부화업,2,2020-11-06 08:12:44
5360000,536000000119980001,1998-07-22,,영업/정상,,,,,288,627-872,50406,한신부화장,I,000,2025-12-15 16:15:28,경상남도 밀양시 무안면 삼화길 ***-**,정상,0000,01,,348293.306783131    ,223364.547121994    ,경상남도 밀양시 무안면 화봉리 ***-* ,부화업,7,2017-02-15 16:41:39
5390000,539000000120200001,2020-03-03,,영업/정상,,,,,,,52160,의령왕메추리영농조합법인,I,L00,2025-12-15 16:15:28,경상남도 의령군 화정면 화정로 ***-**,정상,0000,01,,311491.781042519    ,196672.937161593    ,경상남도 의령군 화정면 상일리 ***-* ,부화업,576,2020-03-03 08:53:12
5400000,540000000119900001,1990-10-23,,폐업,2003-07-01,,,,0,637-955,,형제부화장,I,000,2025-12-15 16:15:28,,폐업,0002,03,0555836842,,,경상남도 함안군 여항면 내곡리 산 ***-* ,부화업,58,2011-10-30 14:48:08
5400000,540000000120050001,2005-06-04,,폐업,2009-12-15,,,,0,637-955,52073,함안농원,I,000,2025-12-15 16:15:28,경상남도 함안군 여항면 내곡*길 **-*,폐업,0002,03,,,,경상남도 함안군 여항면 내곡리 *** ,부화업,77,2011-10-30 14:46:01
5410000,541000000120030001,2003-09-23,,영업/정상,,,,,0,635-942,50309,우포 에그타운,I,000,2025-12-15 16:15:28,경상남도 창녕군 대합면 평지퇴산로 **-**,정상,0000,01,,330353.151621531    ,232399.480628649    ,경상남도 창녕군 대합면 도개리 ***-* ,부화업,18,2025-07-30 08:47:00
5470000,547000000120130001,2013-02-22,,영업/정상,,,,,,670-881,50150,농업회사법인 (주) 제이디팜 거창지점,I,L00,2025-12-15 16:15:28,경상남도 거창군 남상면 월행로 ***-***,정상,0000,01,,288675.890840019    ,235718.899538595    ,경상남도 거창군 남상면 임불리 ****-* 외 *필지 ,부화업,1755,2024-07-30 11:05:55
5470000,547000000120220001,2022-06-03,,영업/정상,,,,,,,50115,일영이팜부화장,I,L00,2025-12-15 16:15:28,경상남도 거창군 주상면 웅양로 ***-**,정상,0000,01,,282298.353490073    ,249118.134529878    ,경상남도 거창군 주상면 도평리 ***-* ,부화업,2144,2024-12-13 10:41:38
5470000,547000000119930001,1993-02-02,,휴업,,2017-12-29,2019-12-28,,136,670-852,50103,금곡부화장,I,000,2025-12-15 16:15:28,경상남도 거창군 위천면 가현길 ***-**,휴업,0001,02,,,,경상남도 거창군 위천면 남산리 *** ,부화업,3,2017-12-29 11:19:33
5530000,553000000119990001,1999-12-15,,폐업,2014-06-05,,,,0,445-931,,삼현영농조합법인,I,000,2026-02-01 10:34:57,,폐업,0002,03,,,,경기도 화성시 만세구 양감면 대양리 *** ,부화업,33,2014-06-05 18:02:07
5530000,553000000119970001,1997-07-18,,폐업,2011-10-04,,,,0,445-961,,운화부화장,I,000,2026-02-01 10:34:57,,폐업,0002,03,,,,경기도 화성시 효행구 정남면 귀래리 ***-* ,부화업,31,2011-10-11 21:23:01
5530000,553000000119920003,1992-08-28,,영업/정상,,,,,0,445-953,18569,화산부화장,I,000,2026-02-01 10:34:57,경기도 화성시 만세구 우정읍 한말길 ***,정상,0000,01,,,,경기도 화성시 만세구 우정읍 화산리 *** ,부화업,584,2017-12-13 11:25:49
5530000,553000000119890002,1989-11-25,,폐업,2011-11-24,,,,0,445-964,,성산부화장,I,000,2026-02-01 10:34:57,,폐업,0002,03,,,,경기도 화성시 효행구 정남면 덕절리 ***-* ,부화업,35,2011-11-24 16:35:18
5530000,553000000119910001,1991-04-12,,휴업,,1998-01-28,,,0,445-913,,대도부화장,I,000,2026-02-01 10:34:57,,휴업,0001,02,,,,경기도 화성시 만세구 팔탄면 율암리 산 **-**   ,부화업,1417,2006-11-16 14:54:37
5530000,553000000119920001,1992-01-14,,폐업,2009-06-04,,,,0,445-040,,남성부화장,I,000,2026-02-01 10:34:57,,폐업,0002,03,,,,경기도 화성시 만세구 남양읍 북양리 *** ,부화업,36,2009-06-05 15:28:48
5530000,553000000119990002,1999-07-07,,폐업,2006-11-07,,,,0,445-973,,수원부화장,I,000,2026-02-01 10:34:57,,폐업,0002,03,,,,경기도 화성시 병점구 반월동  **-* ,부화업,32,2006-11-07 14:56:00
5530000,553000000119890001,1989-05-15,,영업/정상,,,,,0,445-932,18627,신영농원,I,000,2026-02-01 10:34:57,경기도 화성시 만세구 양감면 초록로 ***-**,정상,0000,01,,,,경기도 화성시 만세구 양감면 사창리 **-* ,부화업,34,2019-07-17 13:11:36
5580000,558000000120010001,2001-08-21,,영업/정상,,,,,0,321-917,32829,계룡부화장,I,000,2025-12-15 16:15:28,충청남도 계룡시 엄사면 소라실길 **,정상,0000,01,,,,충청남도 계룡시 엄사면 유동리 *** ,부화업,1,2022-10-18 12:58:27
5590000,559000000120170001,2017-01-25,,영업/정상,,,,,,,11410,(주)한강식품 양주부화장,I,L00,2025-12-15 16:15:28,경기도 양주시 남면 화합로***번길 **-***,정상,0000,01,0318585500,,,경기도 화성시 안녕동 *** ,부화업,1115,2022-09-21 16:35:16
5590000,559000000120010002,2001-12-10,,폐업,2005-03-22,,,,0,482-080,,금성부화장,I,000,2025-12-15 16:15:28,경기도 양주시 고읍북로 ***-* (만송동),폐업,0002,03,,207654.500042556    ,476820.534115477    ,경기도 양주시 만송동 ***-* ,부화업,13,2005-03-21 16:24:48
5590000,559000000120010001,2001-12-04,,폐업,2006-11-10,,,,0,482-841,,천일부화장,I,000,2025-12-15 16:15:28,경기도 양주시 광적면 그루고개로***번길 **-**,폐업,0002,03,,,,경기도 양주시 광적면 가납리 *** ,부화업,741,2006-11-13 17:30:50
5590000,559000000119940001,1994-10-14,,폐업,2018-02-26,,,,0,482-130,,독바위부화장,I,000,2025-12-15 16:15:28,,폐업,0002,03,,,,경기도 양주시 옥정동 **-* ,부화업,12,2018-03-02 16:31:26
5590000,559000000120080001,2008-02-26,,폐업,2017-01-10,,,,0,482-871,,청정부화장,I,L00,2025-12-15 16:15:28,경기도 양주시 남면 화합로***번길 **-***,폐업,0002,03,0318632112,,,경기도 양주시 남면 상수리 *** ,부화업,881,2017-01-10 17:37:44
5600000,560000000119940001,1994-12-27,,영업/정상,,,,,0,487-823,11170,창동부화장,I,000,2025-12-15 16:15:28,경기도 포천시 소흘읍 화합로 ***-**,정상,0000,01,,213143.92047        ,481868.741546913    ,경기도 포천시 소흘읍 송우리 **-** ,부화업,4,2020-04-17 11:34:28
5600000,560000000120030001,2003-02-14,,폐업,2004-12-24,,,,0,487-921,11134,축석부화장,I,000,2025-12-15 16:15:28,경기도 포천시 창수면 포천로****번길 **-**,폐업,0002,03,,,,경기도 포천시 창수면 추동리 *** ,부화업,2,2011-10-30 15:46:49
5600000,560000000120110001,2011-03-24,,폐업,2024-08-09,,,,0,487-823,,영농조합법인 합자회사 독바위축산,I,L00,2025-12-15 16:15:28,경기도 포천시 소흘읍 화합로***번길 **,폐업,0002,03,,,,경기도 양주시 옥정동 *** ,부화업,1460,2024-08-09 17:32:41
5600000,560000000120110002,2011-08-18,,폐업,2011-10-25,,,,,487-853,,농업회사법인주식회사 마니커농산 포천부화장,I,L00,2025-12-15 16:15:28,경기도 포천시 일동면 영일로 ***-*,폐업,0002,03,,224443.860273405    ,492858.641769694    ,경기도 포천시 일동면 길명리 ***-* ,부화업,1486,2011-10-25 14:38:08
5600000,560000000120030002,2003-02-14,,영업/정상,,,,,0,487-882,11127,성동부화장,I,000,2025-12-15 16:15:28,경기도 포천시 영중면 호국로****번길 **,정상,0000,01,,,,경기도 포천시 소흘읍 송우리 ***-* ,부화업,7,2022-09-29 10:58:20
5600000,560000000120020002,2002-01-17,,폐업,2022-07-29,,,,0,487-898,11109,대영부화장,I,000,2025-12-15 16:15:28,경기도 포천시 영북면 호국로 ****-**,폐업,0002,03,,223745.843456398    ,505636.602691848    ,경기도 포천시 영북면 야미리 ***-* ,부화업,6,2024-07-01 14:33:08
5600000,560000000120020001,2002-01-23,,취소/말소/만료/정지/중지,,,,,0,487-872,11156,치크랜드,I,000,2025-12-15 16:15:28,경기도 포천시 군내면 꽃배산*길 **,말소,0004,04,,212947.009534293    ,480592.684521115    ,경기도 포천시 소흘읍 송우리 ***-* ,부화업,5,2022-09-21 14:50:19
5600000,560000000120250001,2025-09-17,,영업/정상,,,,,,,11113,해성농원,I,000,2025-12-15 16:15:28,경기도 포천시 이동면 화동로 ****-***,정상,0000,01,,,,경기도 포천시 이동면 연곡리 *** ,부화업,1789,2025-09-17 09:40:20
5600000,560000000120110003,2011-10-28,,영업/정상,,,,,,487-853,11121,(주)마니커포천지점,I,L00,2025-12-15 16:15:28,경기도 포천시 일동면 영일로 ***-*,정상,0000,01,0315320995,224443.860273405    ,492858.641769694    ,경기도 포천시 일동면 길명리 ***-* ,부화업,1502,2025-05-26 18:49:08
5600000,560000000120130001,2013-07-22,,폐업,2014-04-08,,,,,487-853,,(주)마니커포천지점,I,L00,2025-12-15 16:15:28,,폐업,0002,03,,225568.68975591     ,491568.364545029    ,경기도 포천시 일동면 길명리 **-* ,부화업,1549,2014-04-08 11:23:38
5680000,463000000119910001,1991-03-15,,폐업,2009-07-10,,,,0,343-820,,효동부화장,I,000,2025-12-15 16:15:28,,폐업,0002,03,,,,충청남도 당진시 송악읍 기지시리 ***-* ,부화업,24,2009-07-20 16:38:18
5680000,463000000119970001,1997-02-03,,휴업,,2021-09-09,2022-09-08,,0,343-803,31789,구룡부화장,I,000,2025-12-15 16:15:28,충청남도 당진시 동산길 ** (사기소동),휴업,0001,02,,,,충청남도 당진시 읍내동 *** ,부화업,78,2021-09-09 13:25:11
5690000,569000000120040002,2004-06-22,,폐업,2018-03-14,,,,0,339-806,,연기부화장,I,000,2025-12-15 16:15:28,,폐업,0002,03,0418625040,226379.544225094    ,345697.352283855    ,세종특별자치시 조치원읍 서창리 **-** ,부화업   ,6,2018-03-14 10:00:36
5690000,569000000120040001,2004-06-22,,폐업,2015-12-17,,,,0,339-812,,영동부화장,I,000,2025-12-15 16:15:28,충청남도 연기군 서면 효교로 **-**,폐업,0002,03,0418670463,,,세종특별자치시 연서면 기룡리 **-* ,부화업   ,5,2015-12-17 11:22:51
5690000,569000000119901002,1990-03-21,,폐업,2009-10-20,,,,1020,314-914,,장기부화장,I,000,2025-12-15 16:15:28,,폐업,0002,03,0418571468,217776.951689931    ,332648.212904054    ,세종특별자치시 장군면 하봉리 **-* ,부화업   ,1488,2009-10-22 11:47:57
5690000,569000000119921001,1992-05-07,,영업/정상,,,,,1320,,,백제부화장,I,000,2025-12-15 16:15:28,,정상,0000,01,,219038.026468323    ,332259.995164101    ,세종특별자치시 장군면 은용리 **-* ,부화업   ,,2003-04-10 09:22:32
5690000,569000000120041001,2004-06-23,,영업/정상,,,,,0,314-913,,백제,I,000,2025-12-15 16:15:28,,정상,0000,01,,219038.026468323    ,332259.995164101    ,세종특별자치시 장군면 은용리 **-* ,부화업   ,3,2021-12-16 10:18:29
5690000,569000000119830001,1993-11-11,,폐업,2014-01-06,,,,561,339-804,,쌍학부화장,I,000,2025-12-15 16:15:28,,폐업,0002,03,0418653313,226340.636961407    ,342470.860767061    ,세종특별자치시 조치원읍 번암리 ***-* ,부화업   ,4,2014-01-06 13:34:03
5690000,569000000120041002,2004-06-23,,폐업,2009-10-20,,,,0,314-914,,장기,I,000,2025-12-15 16:15:28,,폐업,0002,03,,217477.643494424    ,332272.394938498    ,세종특별자치시 장군면 하봉리 ***-* ,부화업   ,4,2009-10-22 16:45:32
5700000,411000000120000001,2000-06-21,,폐업,2024-06-10,,,,0,,,흥일부화장,I,000,2025-12-15 16:15:28,,폐업,0002,03,0318846550,,,경기도 여주시 능현동 **-**번지 ,부화업,,2024-06-10 09:09:35
5700000,570000000120220001,2022-02-10,,영업/정상,,,,,,,12647,신애메추리,I,000,2025-12-15 16:15:28,경기도 여주시 세종대왕면 양화로 ***-**,정상,0000,01,,,,경기도 여주시 세종대왕면 마래리 *** ,부화업,1446,2022-02-10 15:31:00
5700000,411000000120090001,2009-11-01,,영업/정상,,,,,0,469-802,12659,신영육부화장,I,000,2025-12-15 16:15:28,경기도 여주시 점곡길 **-** (점봉동),정상,0000,01,,257739.744272211    ,416670.272168818    ,경기도 여주시 점봉동 ***-* 외*필지 ,부화업,1065,2014-02-28 13:23:21
5700000,411000000120050001,2005-12-16,,폐업,2011-08-11,,,,0,469-872,,에덴부화장,I,000,2025-12-15 16:15:28,,폐업,0002,03,,,,경기도 여주시 점동면 처리 *** ,부화업,706,2011-08-12 08:59:13
5700000,411000000120040005,2004-05-20,,폐업,2012-01-30,,,,0,469-843,,중원부화장,I,000,2025-12-15 16:15:28,,폐업,0002,03,0318860734,251664.334241184    ,432509.241048664    ,경기도 여주시 대신면 무촌리 ***-* ,부화업,19,2012-02-05 10:41:35
5700000,411000000120040004,2004-05-20,,폐업,2024-11-12,,,,0,469-802,,흥일부화장,I,000,2025-12-15 16:15:28,,폐업,0002,03,,,,경기도 여주시 능현동 산 **-** ,부화업,18,2024-11-12 14:33:49
5700000,570000000120210001,2021-06-09,,취소/말소/만료/정지/중지,,,,,,,12647,신애메추리농장,I,000,2025-12-15 16:15:28,경기도 여주시 능서면 양화로 ***-**,말소,0004,04,,,,경기도 여주시 교동 *** ,부화업,1439,2022-01-05 13:58:59
5700000,570000000120140001,2014-03-14,,폐업,2025-11-25,,,,,469-811,12647,농업회사법인(주)사조원 여주부화장,I,L00,2025-12-15 16:15:28,경기도 여주시 능서면 월평로 ***-**,폐업,0002,03,,,,전라북도 김제시 금산면 용산리 *** ,부화업,1292,2025-12-08 20:44:26
5700000,411000000120120001,2012-03-20,,폐업,2014-09-15,,,,,469-843,,수원농산,I,000,2025-12-15 16:15:28,,폐업,0002,03,0318869973,,,경기도 용인시 기흥구 언남동 ***-* ,부화업,1201,2014-09-15 08:01:24
5700000,411000000120040002,2004-05-14,,폐업,2011-08-08,,,,0,469-811,,기성부화장,I,000,2025-12-15 16:15:28,,폐업,0002,03,0318849169,,,경기도 여주시 능서면 광대리 ***-* ,부화업,14,2011-08-08 18:54:56
5700000,411000000120040001,2004-01-28,,폐업,2005-08-10,,,,0,469-802,,흥일부화장,I,000,2025-12-15 16:15:28,,폐업,0002,03,,,,경기도 여주시 능현동 **-** ,부화업,155,2005-08-11 09:41:29
5700000,411000000120030001,2003-05-16,,폐업,2024-05-28,,,,0,,,(주)화인코리아 여주부화장,I,L00,2025-12-15 16:15:28,,폐업,0002,03,,,,경기도 여주시 능서면 광대리 *** ,부화업,,2024-05-28 09:31:22
5700000,411000000120010001,2001-07-21,,폐업,2003-10-13,,,,0,,,기성농원,I,000,2025-12-15 16:15:28,,폐업,0002,03,0318832125,,,경기도 여주시 능서면 광대리 산 **-**번지 ,부화업,,2003-11-03 10:43:17
5700000,411000000120040003,2004-05-18,,폐업,2011-12-27,,,,0,469-811,,(주)화인코리아 여주부화장,I,L00,2025-12-15 16:15:28,,폐업,0002,03,0318845272,,,경기도 여주시 능서면 광대리 *** ,부화업,16,2011-12-28 09:19:39
5710000,573500000119963001,1996-12-13,,폐업,2005-03-07,,,,0,363-884,,모정부화장,I,000,2025-12-15 16:15:28,,폐업,0002,03,,,,충청북도 청주시 청원구 오창읍 모정리 ,부화업,60,2005-03-07 14:47:09
5710000,573000000120043002,1990-01-24,,폐업,2014-06-02,,,,0,363-955,,일월부화장,I,000,2025-12-15 16:15:28,충청북도 청주시 흥덕구 오송읍 봉산*길 **-*,폐업,0002,03,,,,충청북도 청주시 흥덕구 오송읍 정중리 *** ,부화업,2,2014-06-09 08:54:52
5710000,573000000120043001,2004-04-12,,폐업,2014-01-10,,,,0,363-955,,송학부화장,I,000,2025-12-15 16:15:28,충청북도 청주시 흥덕구 오송읍 정중*길 **,폐업,0002,03,,,,충청북도 청주시 흥덕구 오송읍 정중리 **-* ,부화업,1,2014-01-13 15:22:01
5710000,572500000120040001,2004-06-16,,폐업,2014-06-09,,,,0,361-804,,청룡부화장,I,000,2025-12-15 16:15:28,,폐업,0002,03,,,,충청북도 청주시 서원구 개신동 산 **-* ,부화업,3,2014-06-09 12:02:06
5710000,572500000119870002,1987-07-28,,폐업,2004-06-14,,,,0,361-140,,개성부화장,I,000,2025-12-15 16:15:28,,폐업,0002,03,,,,충청북도 청주시 서원구 모충동 ***-* ,부화업,1,2004-06-14 16:55:07
5710000,572000000119983001,1998-04-04,,폐업,2005-08-05,,,,0,363-862,28193,계림부화장,I,000,2025-12-15 16:15:28,충청북도 청주시 상당구 낭성면 호정대신로 ***-**,폐업,0002,03,,253748.583264008    ,348935.03562372     ,충청북도 청주시 상당구 낭성면 문박리 ***-* ,부화업,531,2005-08-05 16:09:46
5710000,572000000119870001,1987-06-29,,폐업,2014-06-09,,,,0,361-804,,청룡부화장,I,000,2025-12-15 16:15:28,,폐업,0002,03,,248119.459364968    ,336077.057699346    ,충청북도 청주시 상당구 가덕면 청용리 산 **-* ,부화업,2,2014-06-09 20:05:23
5710000,573000000120043004,1995-02-15,,휴업,,2007-09-04,,,0,363-912,28101,옥산부화장,I,000,2025-12-15 16:15:28,충청북도 청주시 흥덕구 옥산면 장남길 **-*,휴업,0001,02,,,,충청북도 청주시 흥덕구 옥산면 장남리 *** ,부화업,4,2015-07-22 11:31:06
5710000,572500000120043003,1994-11-22,,휴업,,2008-06-20,2009-06-18,,0,363-812,28184,금정부화장,I,000,2025-12-15 16:15:28,충청북도 청주시 서원구 남이면 갈원산막길 *,휴업,0001,02,,235885.032081277    ,340780.365935162    ,충청북도 청주시 서원구 남이면 갈원리 ***-* ,부화업,3,2008-06-20 17:37:57
5710000,573500000120073001,2007-04-05,,영업/정상,,,,,0,363-886,,왕새농장부화장,I,000,2025-12-15 16:15:28,,정상,0000,01,,,,충청북도 청주시 청원구 오창읍 주성리 ** ,부화업,830,2008-01-04 18:01:48
5710000,571000000120150002,2015-07-14,,영업/정상,,,,,,361-911,28113,일월부화장,I,000,2025-12-15 16:15:28,충청북도 청주시 흥덕구 옥산면 가락*길 **,정상,0000,01,,,,,부화업,1946,2015-07-14 15:12:05
5710000,571000000120150001,2015-06-11,,영업/정상,,,,,,363-931,28153,충청북도동물위생시험소,I,000,2025-12-15 16:15:28,충청북도 청주시 청원구 내수읍 구성새동네길 **,정상,0000,01,,,,충청북도 청주시 청원구 내수읍 구성리 ,부화업,1937,2018-02-12 11:43:20
5710000,572000000120113001,2011-12-22,,영업/정상,,,,,,363-872,,(주)도원농산,I,L00,2025-12-15 16:15:28,,정상,0000,01,0437151233,,,충청북도 청주시 상당구 미원면 운암리 *** ,부화업,1430,2015-09-24 15:15:29
6510000,651000000120090001,2009-01-29,,영업/정상,,,,2022-01-19,0,690-971,63348,건강한닭 영농조합법인 김녕부화장,I,L00,2025-12-17 02:40:00,제주특별자치도 제주시 구좌읍 일주동로 ****-*,정상,0000,01,0647553212,,,제주특별자치도 제주시 화북일동 **** ,부화업,608,2025-12-15 16:55:27
6510000,651000000120090002,2009-03-03,,영업/정상,,,,,0,690-979,63350,농업회사법인(주)한라씨에프엔 비자림부화장,I,L00,2025-12-15 16:15:28,제주특별자치도 제주시 구좌읍 비자림로동*길 **-***,정상,0000,01,0647846681,182465.328782498    ,620.437088641445    ,제주특별자치도 제주시 구좌읍 한동리 ****-* ,부화업,623,2024-08-22 10:03:54
6510000,651000000120110002,2011-01-24,,영업/정상,,,,,0,690-062,63335,나비부화장,I,000,2025-12-15 16:15:28,제주특별자치도 제주시 조천읍 조와로*길 **,정상,0000,01,,,,제주특별자치도 제주시 조천읍 조천리 **** ,부화업,705,2011-10-30 14:02:27
6510000,651000000120120001,2012-03-14,,폐업,2021-10-12,,,,,695-924,63021,한라오리,I,000,2025-12-15 16:15:28,제주특별자치도 제주시 한림읍 금악목장길 **,폐업,0002,03,,,,제주특별자치도 제주시 한림읍 금악리 ***-*** ,부화업,738,2021-10-12 16:54:48
6510000,651000000120050001,2005-02-03,,폐업,2010-07-16,,,,0,690-231,,대종부화장,I,000,2025-12-15 16:15:28,제주특별자치도 제주시 백포동길 *-* (이호일동),폐업,0002,03,,149778.237310186    ,640.08420997446     ,제주특별자치도 제주시 이호일동 ***-* ,부화업,14,2010-07-16 10:12:38
6510000,651000000120100001,2010-08-11,,폐업,2018-07-12,,,,0,690-905,,아침소리 부화장,I,000,2025-12-15 16:15:28,,폐업,0002,03,,,,제주특별자치도 제주시 애월읍 구엄리 *** ,부화업,691,2018-07-12 08:37:08
6510000,651000000120110001,2011-01-24,,폐업,2022-12-27,,,,0,690-012,,미봉오리부화장,I,000,2025-12-15 16:15:28,,폐업,0002,03,,,,제주특별자치도 제주시 구좌읍 상도리 *** ,부화업,704,2022-12-27 19:42:31
6510000,651000000120170001,2017-12-20,,영업/정상,,,,,,,63065,복전농장,I,000,2025-12-15 16:15:28,제주특별자치도 제주시 애월읍 고성남길 **-*,정상,0000,01,,,,제주특별자치도 제주시 애월읍 고성리 *** ,부화업,838,2023-10-11 11:23:11
