개방자치단체코드,관리번호,인허가일자,인허가취소일자,영업상태명,폐업일자,휴업시작일자,휴업종료일자,재개업일자,소재지면적,소재지우편번호,도로명우편번호,사업장명,데이터갱신구분,권리주체일련번호,데이터갱신시점,도로명주소,상세영업상태명,상세영업상태코드,영업상태코드,전화번호,좌표정보(X),좌표정보(Y),지번주소,총직원수,축산업무구분명,축산일련번호,최종수정시점
6260000,626000000519810001,1981-05-13,,폐업,2012-03-16,2011-07-27,2012-01-26,,11924,617-819,,동원산업(주),I,L00,2025-12-15 16:15:28,부산광역시 사상구 사상로577번길 33 (모라동),폐업,0002,03,0513044477,381047.864095356    ,190295.019139783    ,부산광역시 사상구 모라동  270번지 3호 ,178,도축업,,2012-03-20 09:11:20
6270000,627000000520010001,2001-06-01,,폐업,2024-04-02,,,,9330.38,702-030,,신흥산업(주),I,L00,2025-12-15 16:15:28,대구광역시 북구 검단북로11길 11 (검단동),폐업,0002,03,0533802108,345282.157721122    ,269562.06849397     ,대구광역시 북구 검단동  1393번지 167호 ,98,도축업,,2024-04-02 11:43:27
6270000,627000000519830001,1983-10-18,,영업/정상,,,,,2792.78,703-090,,풀토래(주),I,L00,2025-12-15 16:15:28,대구광역시 서구 와룡로73길 50 (중리동),정상,0000,01,0535555077,,,대구광역시 서구 중리동  1024번지 ,0,도축업,,2024-01-30 18:09:32
6270000,627000000520010002,2001-07-02,,영업/정상,,,,,9234.27,716-803,,주식회사 민속엘피씨,I,L00,2025-12-15 16:15:28,대구광역시 군위군 군위읍 경북대로 4052,정상,0000,01,0543803300,,,대구광역시 군위군 군위읍 오곡리 361번지 ,0,도축업,,2024-12-20 10:50:10
6270000,627000000519980001,1998-07-20,,폐업,2002-12-31,,,,,702-800,,신미식품,I,000,2025-12-15 16:15:28,대구광역시 북구 검단북로27길 97 (검단동),폐업,0002,03,,346246.469728327    ,269792.372281969    ,대구광역시 북구 검단동  1393번지 46호 ,0,도축업,,2007-04-30 11:00:39
6280000,628000000519980001,1998-05-28,,폐업,2022-10-27,,,,1938,409-913,,백령도축장,I,000,2025-12-15 16:15:28,,폐업,0002,03,0328361771,-1654.45059123681   ,499782.24028961     ,인천광역시 옹진군 백령면 진촌리 1562번지 1호 ,0,도축업,,2022-10-20 16:55:23
6280000,628000000519860001,1986-09-05,,폐업,2006-03-13,,2006-03-13,,2475.4,407-832,,우인산업(주),I,000,2025-12-15 16:15:28,,폐업,0002,03,,,,인천광역시 계양구 효성동  515-2번지 ,0,도축업,,2006-03-14 16:41:09
6280000,628000000519960001,1996-08-01,,영업/정상,,,,,8758.1,,,삼성식품(주),I,L00,2025-12-15 16:15:28,인천광역시 서구 가좌로96번길 17 (가좌동),정상,0000,01,0325782198,,,인천광역시 서구 가좌동  477번지 4호 ,149,도축업,,2024-10-24 17:16:00
6280000,628000000519910001,1991-03-22,,영업/정상,,,,,3709,404-812,,인천식품(주),I,L00,2025-12-15 16:15:28,인천광역시 서구 중봉대로 154 (가좌동),정상,0000,01,0325787711,168859.606314023    ,443480.11451419     ,인천광역시 서구 가좌동  602번지 23호 ,0,도축업,,2022-04-22 17:48:25
6290000,629000000519760001,1976-06-16,,휴업,,2026-01-01,2026-12-31,,2102.8,500-888,,(주)유신에프앤비,I,L00,2025-12-31 02:40:00,광주광역시 북구 하서로 196-6 (양산동),휴업,0001,02,0625718828,188797.291934269    ,188150.936135168    ,광주광역시 북구 양산동  410번지 7호 ,0,도축업,,2025-12-29 15:18:13
6290000,629000000519750001,1975-09-05,,영업/정상,,,,,5425.3,500-888,,삼호축산(주),I,000,2025-12-26 02:40:00,광주광역시 북구 하서로176번길 32 (양산동),정상,0000,01,0625718111,188889.659923112    ,188324.443731469    ,광주광역시 북구 양산동  409번지 5호 ,0,도축업,,2025-12-24 13:08:15
6290000,629000000519750002,1975-12-08,,영업/정상,,,,,1990,506-110,,삼국산업,I,000,2025-12-15 16:15:28,광주광역시 광산구 어등대로 539-11 (운수동),정상,0000,01,0629413939,180080.480581853    ,183892.174442885    ,광주광역시 광산구 운수동  50번지 2호 ,0,도축업,,2024-08-06 18:09:50
6300000,630000000519800001,1980-08-02,,영업/정상,,,,,4093.71,306-817,,(주)장원식품,I,L00,2025-12-15 16:15:28,대전광역시 대덕구 한밭대로1003번길 161-67 (오정동),정상,0000,01,0426280901,236255.241964123    ,317692.804191567    ,대전광역시 대덕구 오정동  705번지 64호 ,48,도축업,,2021-12-10 16:12:48
6310000,631000000519940001,2019-04-05,,영업/정상,,,,,3344.32,689-807,,(주)한축산업,I,000,2025-12-15 16:15:28,울산광역시 울주군 언양읍 반구대로 1204-15,정상,0000,01,0522545491,393731.613236762    ,235151.899578127    ,울산광역시 울주군 언양읍 태기리 683번지 1호 ,0,도축업,,2025-10-20 18:01:26
6310000,631000000519740002,1974-08-02,,영업/정상,,,,,280367,680-180,,삼와산업(주),I,L00,2025-12-15 16:15:28,울산광역시 남구 상개로 202-28(상개동),정상,0000,01,0522686198,,,울산광역시 남구 상개동  370번지 2호 ,0,도축업,,2023-03-22 10:47:47
6410000,641000000519980004,1998-11-04,,영업/정상,,,,,9838.24,483-110,,(주)마니커 동두천지점,I,L00,2026-01-12 09:41:07,경기도 동두천시 승전로 6 (하봉암동),정상,0000,01,0318686007,,,경기도 동두천시 하봉암동  127번지 ,0,도축업,,2025-04-15 18:40:16
6410000,641000000519630001,1978-08-22,,영업/정상,,,,,7123.54,445-961,,주식회사 우경축산 (지점),I,L00,2026-01-12 09:41:07,경기도 화성시 정남면 내향로 360,정상,0000,01,0313663222,,,경기도 화성시 정남면 귀래리 209-26 외 10필지 ,0,도축업,,2025-11-11 13:27:05
6410000,641000000520160001,2016-04-29,,폐업,2022-04-04,,,,3177.68,,,(주)정다운 자연일가,I,L00,2025-12-15 16:15:28,경기도 파주시 법원읍 자운서원로 410-6,폐업,0002,03,0315337731,186412.818311172    ,484673.643917003    ,경기도 파주시 법원읍 동문리 619번지 23호 ,324,도축업,,2022-04-04 17:28:24
6410000,641000000520090001,2009-03-04,,폐업,2016-04-28,,,,3048.7,413-871,,농업회사법인 주식회사 자연일가,I,L00,2025-12-15 16:15:28,경기도 파주시 법원읍 자운서원로 410-6,폐업,0002,03,0319587339,186412.818311172    ,484673.643917003    ,경기도 파주시 법원읍 동문리 619번지 23호 1통 5반 ,0,도축업,,2016-04-28 08:46:07
6410000,641000000520060001,2006-10-23,,폐업,2008-09-05,,,,1782,413-871,,참진오리,I,000,2025-12-15 16:15:28,경기도 파주시 법원읍 자운서원로 410-6,폐업,0002,03,0319598500,186412.818311172    ,484673.643917003    ,경기도 파주시 법원읍 동문리 619번지 23호 1통 5반 ,25,도축업,,2009-01-09 08:43:19
6410000,641000000519990002,1999-01-01,,폐업,2012-05-25,,,,3954.92,483-100,,우림축산(주),I,L00,2025-12-15 16:15:28,,폐업,0002,03,0318680104,,,경기도 동두천시 상봉암동  146-17외 1필지 ,0,도축업,,2012-05-21 12:38:34
6410000,641000000519980003,1998-12-18,,폐업,2011-12-26,,,,2566.49,413-865,,동궁산업,I,000,2025-12-15 16:15:28,,폐업,0002,03,,,,경기도 파주시 파주읍 파주리 786-5번지 외 3필지 ,0,도축업,,2011-12-26 17:21:45
6410000,641000000519890002,1989-05-22,,폐업,2018-08-18,,,,9662,415-871,,(주)크레치코,I,L00,2025-12-15 16:15:28,경기도 김포시 월곶면 비석동로50번길 109,폐업,0002,03,0319878152,162443.00166131     ,467250.002879654    ,경기도 김포시 월곶면 갈산리 140번지 2호 ,0,도축업,,2018-08-14 10:24:45
6410000,641000000519860001,1986-05-21,,폐업,2024-03-01,,,,5936,449-923,,농업회사법인 주식회사 대마,I,L00,2025-12-15 16:15:28,경기도 용인시 처인구 경안천로 214-2 (고림동),폐업,0002,03,0313368900,219222.364901657    ,416468.155103439    ,경기도 용인시 처인구 고림동  676번지 1호 ,0,도축업,,2024-03-28 09:01:30
6410000,641000000519820003,2004-08-12,,폐업,2010-07-07,,,,1780.67,464-872,,(주)대조,I,L00,2025-12-15 16:15:28,,폐업,0002,03,0317983427,,, 80번지 ,0,도축업,,2010-08-09 11:18:49
6410000,641000000519820001,1982-03-04,,폐업,2008-02-29,,,,5810,467-866,,농업회사법인 신영축산(주),I,L00,2025-12-15 16:15:28,,폐업,0002,03,0316365000,,,경기도 이천시 부발읍 아미리 660-1 ,0,도축업,,2008-10-14 10:12:18
6410000,641000000519790001,1979-12-10,,폐업,2009-07-31,,,,6811,441-350,,신원(주),I,L00,2025-12-15 16:15:28,,폐업,0002,03,0312937803,,,경기도 수원시 권선구 오목천동  788-1번지 ,0,도축업,,2009-09-29 13:05:15
6410000,641000000519980001,1998-12-18,,영업/정상,,,,,3766.51,,,포천농축산(주),I,L00,2025-12-15 16:15:28,경기도 포천시 신북면 중앙로461번길 25,정상,0000,01,0315338880,219194.135275483    ,491720.045906673    ,경기도 포천시 신북면 신평리 647번지 8호 ,0,도축업,,2022-06-27 13:39:45
6410000,641000000519960001,1996-12-12,,영업/정상,,,,,14854.31,456-913,,주식회사 도드람엘피씨,I,L00,2026-01-12 09:41:07,경기도 안성시 일죽면 일생로 185-11,정상,0000,01,03180563300,,,경기도 안성시 일죽면 금산리 598번지 ,0,도축업,,2025-09-19 18:32:48
6410000,641000000519890003,2005-08-22,,영업/정상,,,,,22298.84,445-976,,(주)한강식품,I,000,2025-12-15 16:15:28,경기도 화성시 만년로969번길 17 (안녕동),정상,0000,01,0312266000,,,경기도 화성시 안녕동  146번지 123호 ,0,도축업,,2022-09-15 17:12:07
6410000,641000000519820002,1982-10-28,,영업/정상,,,,,3079.68,445-896,,에비앙푸드 주식회사,I,L00,2026-01-12 09:41:07,경기도 화성시 봉담읍 효행로20번길 16-32,정상,0000,01,0312912591,195993.717885405    ,415493.782022047    ,경기도 화성시 봉담읍 수영리 387번지 1호 ,0,도축업,,2025-05-08 18:08:39
6410000,641000000519800002,1980-09-11,,영업/정상,,,,,7028,450-090,,(주)평농,I,000,2025-12-15 16:15:28,경기도 평택시 칠괴길 25 (지제동),정상,0000,01,0316561995,,,경기도 평택시 지제동  233번지 1호 ,0,도축업,,2022-03-04 17:27:32
6410000,641000000520020001,2002-12-03,,휴업,,2021-05-11,2030-05-09,,3712,476-802,,농업회사법인 주식회사 탑오리,I,L00,2025-12-15 16:15:28,경기도 양평군 양평읍 곰덕우물길 22-1,휴업,0001,02,0317746000,243144.555068219    ,444483.478955456    ,경기도 양평군 양평읍 양근리 28번지 2호 ,0,도축업,,2024-05-21 21:45:18
6410000,641000000519990001,1999-01-12,,영업/정상,,,,2022-11-19,1897.21,482-170,,(주)청정계,U,L00,2026-01-17 21:00:40,경기도 양주시 평화로 1600 (회정동),정상,0000,01,0318592121,205118.98962727     ,481215.754308257    ,경기도 양주시 회정동  170번지 5호 ,0,도축업,,2026-01-16 09:41:53
6410000,641000000519980002,1998-09-24,,휴업,,2022-01-29,2027-12-31,,1910.27,472-831,,주식회사 친환경 명품축산,I,L00,2026-01-12 09:41:07,경기도 남양주시 진건읍 금강로361번길 50,휴업,0001,02,0315721226,213368.905649666    ,460064.019783481    ,경기도 남양주시 진건읍 진관리 931번지 3호 ,0,도축업,,2025-04-28 19:22:39
6410000,641000000519890001,1989-11-03,,휴업,,,,,5546,415-070,,주식회사 우석에프앤비,I,L00,2026-01-12 09:41:07,경기도 김포시 승가로 71 (풍무동),휴업,0001,02,0319837788,174839.121864705    ,455945.469507961    ,경기도 김포시 풍무동  661번지 8호 ,0,도축업,,2025-01-10 08:34:36
6410000,641000000519750001,1975-05-28,,영업/정상,,,,,5604,464-875,,우진산업,I,000,2025-12-15 16:15:28,경기도 광주시 곤지암읍 광여로 200-18,정상,0000,01,0317626090,232391.040330643    ,427629.223562195    ,경기도 광주시 곤지암읍 열미리 502번지 4호 ,0,도축업,,2021-03-25 21:49:19
6410000,641000000519720001,1972-05-11,,영업/정상,,,,,12753.98,430-849,,(주)협신식품,I,L00,2025-12-15 16:15:28,경기도 안양시 만안구 박달로 298 (박달동),정상,0000,01,0314479001,,,경기도 안양시 만안구 박달동  692번지 9호 ,0,도축업,,2024-10-24 17:06:08
6410000,641000000519990003,1999-01-09,,영업/정상,,,,,3667.55,487-911,,농업회사법인정우식품주식회사,I,L00,2026-01-12 09:41:07,경기도 포천시 신북면 중앙로 378,정상,0000,01,0315337731,218878.406474399    ,490699.599485742    ,경기도 포천시 신북면 가채리 295번지 1호 ,0,도축업,,2025-08-22 13:05:03
6410000,641000000520000001,2000-02-23,,영업/정상,,,,,8957.72,421-808,,농협경제지주주식회사 부천축산물공판장,I,000,2026-01-12 09:41:07,경기도 부천시 오정구 송내대로518번길 71 (삼정동),정상,0000,01,0326205000,179136.025905573    ,447578.815394323    ,경기도 부천시 오정구 삼정동  12번지 4호 ,0,도축업,,2025-03-17 09:44:17
6410000,641000000520050001,2005-11-28,,영업/정상,,,,,4716.85,,,농업회사법인 주식회사 경기엘피씨,I,L00,2025-12-15 16:15:28,경기도 연천군 군남면 황남로 70-57,정상,0000,01,0318331600,,, ,0,도축업,,2022-01-24 13:55:02
6410000,641000000520130001,2013-05-30,,영업/정상,,,,,669.36,,,영농조합법인 김포축산,I,L00,2026-01-12 09:41:07,경기도 김포시 대곶면 대곶로 429-19 (외 1필지),정상,0000,01,0319961561,,,경기도 김포시 대곶면 석정리 1030번지 외 1필지 ,25,도축업,,2026-01-05 13:14:30
6410000,641000000520190001,2019-07-12,,영업/정상,,,,2022-03-28,186.06,,,농업회사법인 (주)조아라한방토종닭,I,L00,2025-12-15 16:15:28,경기도 안성시 삼죽면 진촌진말길 29,정상,0000,01,0316724105,,,경기도 안성시 삼죽면 진촌리 511번지 2호 ,4,도축업,,2022-03-19 09:16:01
6410000,641000000520180001,2018-03-14,,폐업,2024-03-13,,,,31.31,,,한국축산혁신협동조합,I,L00,2025-12-15 16:15:28,"경기도 성남시 중원구 둔촌대로 79, 1층 (성남동)",폐업,0002,03,0317534400,,,경기도 성남시 중원구 성남동  4190번지 0호 ,5,도축업,,2024-03-28 09:03:03
6430000,643000000520050001,2005-09-26,,폐업,2011-12-30,,,,1929.36,368-906,,동일산업사,I,000,2025-12-15 16:15:28,충청북도 증평군 증평읍 중부로 2236-7,폐업,0002,03,0438382011,250106.172680058    ,365035.958258325    ,충청북도 증평군 증평읍 연탄리 335번지 1호 ,28,도축업,,2013-12-22 11:38:21
6430000,643000000520140001,2014-10-10,,휴업,,2024-01-01,2029-12-31,,181.7,,,동제천염소도축장,I,000,2025-12-15 16:15:28,충청북도 제천시 송학로 360,휴업,0001,02,,,,충청북도 제천시 송학면 시곡리 870번지 11호 ,0,도축업,,2023-12-26 16:39:59
6430000,643000000520060006,2006-08-14,,휴업,,2025-12-01,2026-11-30,,1579.83,390-160,,(주)부농산업,I,L00,2025-12-15 16:15:28,충청북도 제천시 강명길 73 (강제동),휴업,0001,02,0436529972,307411.36004022     ,402229.10776355     ,충청북도 제천시 강제동  419번지 3호 ,23,도축업,,2025-11-20 15:47:59
6430000,643000000520060002,2006-01-11,,휴업,,2023-07-18,,,4081.32,380-210,,(주)청솔위드팜,I,L00,2025-12-15 16:15:28,충청북도 충주시 하용두3길 73 (용두동),휴업,0001,02,0438579755,279232.217059607    ,385131.719807759    ,충청북도 충주시 용두동  291번지 1호 ,58,도축업,,2023-07-14 11:32:39
6430000,643000000520050005,2005-12-12,,휴업,,2024-09-01,,,6242.73,380-871,,(주)씨.에스코리아,I,L00,2025-12-15 16:15:28,충청북도 충주시 완오길 232,휴업,0001,02,0438579755,,,충청북도 충주시 대소원면 완오리 683번지 ,38,도축업,,2024-08-29 13:37:32
6430000,643000000520030001,2003-09-26,,영업/정상,,,,2024-07-27,1114.41,365-823,,농업회사법인 주식회사 들녁(진천공장),U,L00,2026-01-17 21:00:40,충청북도 진천군 이월면 장수로 349,정상,0000,01,0435329944,,,충청북도 진천군 이월면 사곡리 892번지 ,0,도축업,,2026-01-16 09:35:52
6430000,643000000520130001,2013-12-02,,영업/정상,,,,,187.51,,,제천염소도축장,I,000,2025-12-15 16:15:28,충청북도 제천시 청풍호로20길 31 (산곡동),정상,0000,01,0436450745,306413.054983533    ,399884.500821897    ,충청북도 제천시 산곡동  418번지 2호 ,0,도축업,,2021-12-01 17:30:14
6430000,643000000520100001,2010-11-26,,영업/정상,,,,,28982.5,369-834,,농협경제지주주식회사 음성축산물공판장,I,L00,2025-12-15 16:15:28,충청북도 음성군 삼성면 청용로 183-9,정상,0000,01,0438807100,,,충청북도 음성군 삼성면 상곡리 781번지 ,434,도축업,,2025-03-21 09:48:13
6430000,643000000520060008,2006-09-26,,영업/정상,,,,,6028.31,369-824,,(주)모란식품,I,L00,2025-12-15 16:15:28,충청북도 음성군 대소면 대금로105번길 106,정상,0000,01,0438825233,241627.332484478    ,387440.646800569    ,충청북도 음성군 대소면 오류리 534번지 39호 ,62,도축업,,2020-08-31 11:28:47
6430000,643000000520060007,1998-08-05,,영업/정상,,,,,9213,365-822,,(주)체리부로,I,L00,2025-12-15 16:15:28,충청북도 진천군 이월면 생거진천로 1770,정상,0000,01,0435303200,240120.939307916    ,377848.223960822    ,충청북도 진천군 이월면 중산리산10번지 1호 ,294,도축업,,2025-05-07 15:06:36
6430000,643000000520080001,2008-06-24,,폐업,2016-06-09,,,,,390-813,,제천건보실업,I,000,2025-12-15 16:15:28,충청북도 제천시 송학면 송학로 362-1,폐업,0002,03,0436454965,,,충청북도 제천시 송학면 시곡리 869번지 ,0,도축업,,2016-06-09 18:22:10
6430000,643000000520060004,2006-04-11,,영업/정상,,,,,9512.5,369-906,,(주)농협목우촌,I,L00,2025-12-15 16:15:28,충청북도 음성군 금왕읍 대금로1278번길 81,정상,0000,01,0438790063,,,충청북도 음성군 금왕읍 오선리 526번지 ,116,도축업,,2025-03-04 18:00:35
6430000,643000000520060003,1994-12-08,,영업/정상,,,,,13751.9,363-882,,(주)팜스토리한냉,I,L00,2025-12-15 16:15:28,충청북도 청원군 오창읍 성재2길 21,정상,0000,01,0432127721,,, 421번지 3호 ,239,도축업,,2022-07-19 14:14:21
6430000,643000000520060001,1998-08-05,,영업/정상,,,,,3395.66,373-843,,한우영농조합법인맥우,I,L00,2025-12-15 16:15:28,충청북도 옥천군 군서면 성왕로 991,정상,0000,01,,249435.978172998    ,311970.247103742    ,충청북도 옥천군 군서면 월전리 35번지 5호 ,0,도축업,,2025-02-19 11:07:37
6430000,643000000520050006,2005-06-24,,영업/정상,,,,,224.54,380-200,,예성실업,I,000,2025-12-15 16:15:28,충청북도 충주시 중원대로 3749 (용관동),정상,0000,01,0438477901,279149.305086283    ,384600.586669123    ,충청북도 충주시 용관동  12번지 9호 ,0,도축업,,2023-03-15 09:19:57
6430000,643000000520050004,2005-12-05,,영업/정상,,,,,2810.59,380-210,,대성실업(주),I,L00,2025-12-15 16:15:28,충청북도 충주시 하용두5길 45 (용두동),정상,0000,01,0438533233,279273.013035153    ,385199.061098999    ,충청북도 충주시 용두동  292번지 1호 ,65,도축업,,2022-04-22 20:07:58
6430000,643000000520050003,2000-04-10,,영업/정상,,,,,5387.55,390-871,,(주)박달재엘피씨(LPC),I,L00,2025-12-15 16:15:28,충청북도 제천시 봉양읍 의암로 19,정상,0000,01,0436422000,296887.706941475    ,403790.10566067     ,충청북도 제천시 봉양읍 연박리 1315번지 1호 ,48,도축업,,2019-09-05 12:55:30
6430000,643000000520050002,1995-10-17,,영업/정상,,,,,5706.76,380-882,,(주)충남에프앤비 충주공장,I,L00,2025-12-15 16:15:28,충청북도 충주시 주덕읍 후삼로 541,정상,0000,01,0438510011,,,충청북도 충주시 주덕읍 삼청리 379번지 ,0,도축업,,2024-12-30 13:19:35
6430000,643000000520030002,2003-01-15,,영업/정상,,,,,3549,365-834,,농업회사법인(주)주원산오리,I,L00,2025-12-15 16:15:28,충청북도 진천군 광혜원면 진광로 941-5,정상,0000,01,0435306310,237682.155239007    ,382587.821801077    ,충청북도 진천군 광혜원면 죽현리 179번지 2호 ,0,도축업,,2019-06-07 08:27:45
6430000,643000000520000001,2000-05-16,,영업/정상,,,,,637,360-220,,충청산업,I,000,2025-12-15 16:15:28,"충청북도 청주시 청원구 토성로120번길 84-13, 1동 1동 (사천동)",정상,0000,01,0432167500,,,충청북도 청주시 청원구 사천동  607번지 15호 1동 1동 ,16,도축업,,2025-11-28 08:50:43
6430000,643000000519900001,1990-07-20,,영업/정상,,,,,2789.56,390-180,,금보식품,U,L00,2026-01-31 21:00:40,충청북도 제천시 청풍호로19안길 65 (산곡동),정상,0000,01,0436451712,,,충청북도 제천시 산곡동  64번지 ,35,도축업,,2026-01-30 18:55:49
6430000,643000000519850001,1985-07-31,,영업/정상,,,,,4184.53,369-834,,(주)팜스코,I,L00,2025-12-15 16:15:28,충청북도 음성군 삼성면 대청로 54,정상,0000,01,0435353412,240433.034667169    ,387972.085349946    ,충청북도 음성군 삼성면 청용리 575번지 1호 ,200,도축업,,2024-01-22 11:45:41
6430000,643000000519730001,1973-06-01,,영업/정상,,,,,3738.62,361-540,,동아식품(주),I,L00,2025-12-15 16:15:28,충청북도 청주시 흥덕구 사운로 391-1 (송절동),정상,0000,01,0432636777,,,충청북도 청주시 흥덕구 송절동  89번지 ,0,도축업,,2025-02-19 10:58:05
6430000,643000000520060005,2002-08-01,,영업/정상,,,,,1570.44,369-831,,(주)대산푸드,I,L00,2025-12-15 16:15:28,충청북도 음성군 삼성면 금율로 349-36,정상,0000,01,0438785858,247530.143542177    ,392742.387139052    ,충청북도 음성군 삼성면 능산리 172번지 4호 ,25,도축업,,2022-07-29 15:21:10
6440000,644000000519820001,1982-12-10,,영업/정상,,,,,3114.22,340-905,,중앙산업 도축장,I,000,2025-12-15 16:15:28,충청남도 예산군 삽교읍 윤봉길로 1674,정상,0000,01,0413381757,177984.611866758    ,354054.260533485    ,충청남도 예산군 삽교읍 방아리 150번지 19호 ,0,도축업,,2025-08-12 16:50:32
6440000,644000000519820003,1982-02-05,,영업/정상,,,,,2647,314-813,,백제나루 영농조합법인,I,L00,2025-12-15 16:15:28,충청남도 공주시 의당면 의당로 216,정상,0000,01,0418527933,,,충청남도 공주시 의당면 청룡리 910번지 ,0,도축업,,2021-09-29 18:24:32
6440000,644000000519820004,1982-04-14,,영업/정상,,,,,2211.15,320-090,,화정식품,I,000,2025-12-15 16:15:28,충청남도 논산시 지산2길 5 (지산동),정상,0000,01,0417323003,210605.210313257    ,300279.820321195    ,충청남도 논산시 지산동  501번지 15호 ,0,도축업,,2019-05-22 19:22:34
6440000,644000000519840001,1984-06-04,,영업/정상,,,,,3593.31,330-811,,사조산업(주),I,L00,2025-12-15 16:15:28,충청남도 천안시 서북구 직산읍 성진로 378,정상,0000,01,0415810011,,, 137-9번지 ,0,도축업,,2025-05-15 18:09:08
6440000,644000000519850001,1985-06-15,,영업/정상,,,,,3054.87,356-984,,주식회사 광축,I,000,2025-12-15 16:15:28,충청남도 서산시 팔봉면 팔봉1로 115,정상,0000,01,0416691635,,,충청남도 서산시 팔봉면 어송리 805번지 ,0,도축업,,2024-09-04 11:16:07
6440000,644000000519850004,1985-03-21,,영업/정상,,,,2021-03-22,16204.7,340-911,,(주)티와이,I,L00,2025-12-15 16:15:28,충청남도 예산군 오가면 원천길 27-7,정상,0000,01,,180963.124805554    ,355590.054397197    ,충청남도 예산군 오가면 원천리 894번지 12호 ,104,도축업,,2021-06-15 09:05:18
6440000,644000000519860001,1986-11-28,,영업/정상,,,,,12087.1,356-812,,농업회사법인(주)신우에프에스,I,L00,2025-12-15 16:15:28,충청남도 서산시 고북면 고북1로 343-22,정상,0000,01,0416637250,,,충청남도 서산시 고북면 기포리 137-5번지 ,0,도축업,,2024-11-15 17:34:20
6440000,644000000519890001,1989-06-15,,영업/정상,,,,,8541.09,320-838,,논산계룡축산업협동조합 축산물유통센터,I,L00,2025-12-15 16:15:28,충청남도 논산시 연무읍 신화길 35-14,정상,0000,01,0417423223,,,충청남도 논산시 연무읍 안심리 698-3번지 ,0,도축업,,2023-04-03 15:16:23
6440000,644000000519900001,1990-09-10,,영업/정상,,,,,2986.41,336-832,,(주)들녘,I,L00,2025-12-15 16:15:28,충청남도 아산시 인주면 아산호로 23-46,정상,0000,01,0415413134,,,충청남도 아산시 인주면 공세리 68-5번지 ,0,도축업,,2022-04-29 12:37:48
6440000,644000000519910002,1991-05-02,,영업/정상,,,,,3952.05,355-844,,금화식품(주) 보령공장,I,000,2025-12-15 16:15:28,충청남도 보령시 오천면 오천해안로 296,정상,0000,01,0419328680,,,충청남도 보령시 오천면 영보리 307번지 ,0,도축업,,2021-07-16 09:03:27
6440000,644000000519920001,1992-05-06,,영업/정상,,,,,12388.98,330-872,,(주)마니커 천안지점,I,L00,2025-12-15 16:15:28,충청남도 천안시 동남구 동면 화복로 551,정상,0000,01,0415696000,236305.567791764    ,362794.786604209    ,충청남도 천안시 동남구 동면 화덕리 319번지 6호 ,0,도축업,,2025-04-10 11:18:49
6440000,644000000519980001,1998-12-16,,영업/정상,,,,,5556.79,323-961,,주식회사 대오,I,L00,2025-12-15 16:15:28,충청남도 부여군 초촌면 금백로 1007,정상,0000,01,0418327900,,,충청남도 부여군 초촌면 세탑리 14-18번지 ,0,도축업,,2024-09-03 10:38:01
6440000,644000000520020001,2002-04-30,,영업/정상,,,,,9294.56,350-904,,(주)홍주미트,I,000,2025-12-15 16:15:28,충청남도 홍성군 광천읍 홍남로 578-46,정상,0000,01,0416307009,,,충청남도 홍성군 광천읍 상정리 539번지 ,0,도축업,,2024-06-21 17:44:56
6440000,644000000520070001,2007-09-28,,영업/정상,,,,,862.82,330-882,,산성식품,I,000,2025-12-15 16:15:28,충청남도 천안시 동남구 병천면 송정리3길 21-165,정상,0000,01,0415660211,,,충청남도 천안시 동남구 병천면 송정리 219번지 1호 ,0,도축업,,2023-05-23 09:45:27
6440000,644000000520150001,2015-09-21,,영업/정상,,,,,3485.14,,,주식회사 한국육계유통,I,L00,2025-12-15 16:15:28,충청남도 당진시 송악읍 송악로 625-1,정상,0000,01,0413589908,,,충청남도 당진시 송악읍 중흥리 358번지 ,0,도축업,,2023-05-24 16:22:52
6440000,644000000520190001,2019-12-13,,영업/정상,,,,,20685.84,,,대전충남양돈농협 포크빌 축산물공판장,I,L00,2025-12-15 16:15:28,충청남도 천안시 동남구 성남면 5산단1로 81,정상,0000,01,0415805099,,,충청남도 천안시 동남구 성남면 대화리 317번지 0호 ,200,도축업,,2023-06-22 07:16:33
6440000,644000000520240001,2024-04-19,,영업/정상,,,,,175.92,,,농업회사법인 모아모아 토종닭(주),I,L00,2025-12-15 16:15:28,충청남도 서산시 성연면 솔예로 344-3,정상,0000,01,,,,충청남도 서산시 성연면 예덕리 869번지 1호 ,0,도축업,,2024-04-19 13:36:30
6440000,644000000519830001,1983-01-31,,휴업,,2026-02-02,2028-02-01,,4177,323-832,,주식회사 동방식품산업,U,L00,2026-01-31 21:00:40,충청남도 부여군 구룡면 흥수로 16,휴업,0001,02,0418378870,182448.471510842    ,304147.64039124     ,충청남도 부여군 구룡면 동방리 684번지 3호 ,0,도축업,,2026-01-30 17:10:44
6440000,644000000519730001,1973-02-19,,폐업,2009-09-09,,,,2556.2,343-806,,당축산업,I,000,2025-12-15 16:15:28,,폐업,0002,03,,,, 359번지 ,0,도축업,,2009-09-10 08:21:45
6440000,644000000519820002,1982-06-04,,폐업,2012-11-01,2011-07-07,2012-07-06,,2745.8,330-270,,충희식품,I,000,2025-12-15 16:15:28,충청남도 천안시 동남구 풍세로 748 (청당동),폐업,0002,03,0415558800,,, 379-1번지 ,0,도축업,,2012-12-31 15:27:13
6440000,644000000519850002,1985-06-15,,폐업,2006-01-25,,,,1440.5,336-812,,(주)아산농산 도축장,I,000,2025-12-15 16:15:28,충청남도 아산시 염치읍 곡교리길10번길 33-25,폐업,0002,03,0415423146,198140.026501492    ,367229.613118087    ,충청남도 아산시 염치읍 곡교리 208번지 40호 ,0,도축업,,2006-01-25 15:47:04
6440000,644000000519850003,1985-07-15,,폐업,2007-08-22,2004-10-08,2006-10-07,,810.4,330-938,,삼청산업 도계장,I,000,2025-12-15 16:15:28,,폐업,0002,03,,,, 221-6번지 ,0,도축업,,2015-12-11 16:04:10
6440000,644000000519910001,1991-01-07,,폐업,2013-12-20,,,,2671.4,343-826,,(주)매산씨앤에프,I,L00,2025-12-15 16:15:28,충청남도 당진시 송악읍 송악로 625-1,폐업,0002,03,0413519999,,,충청남도 당진시 송악읍 중흥리 358번지 ,0,도축업,,2015-12-11 16:02:24
6440000,644000000519940001,1994-04-18,,폐업,2019-11-29,,,,1776.35,314-813,,(주)옐로우덕 의당공장,I,L00,2025-12-15 16:15:28,충청남도 공주시 의당면 의당로 190,폐업,0002,03,,,,충청남도 공주시 의당면 청룡리 914번지 ,0,도축업,,2019-11-29 12:55:05
6440000,644000000520080001,2008-01-28,,폐업,2008-01-28,,,,5594.26,323-961,,(주)해마로식품,I,L00,2025-12-15 16:15:28,충청남도 부여군 초촌면 금백로 1007,폐업,0002,03,,202883.949667002    ,308906.317067508    ,충청남도 부여군 초촌면 세탑리 14번지 18호 ,0,도축업,,2015-12-11 16:00:34
6440000,644000000520130001,2013-12-30,,폐업,2015-09-11,,,,3485.14,,,(합)풍덕 제2공장,I,L00,2025-12-15 16:15:28,충청남도 당진시 송악읍 송악로 625-1,폐업,0002,03,0413519999,,,충청남도 당진시 송악읍 중흥리 358번지 ,0,도축업,,2015-12-11 15:59:47
6460000,646000000520070001,2007-06-21,,휴업,,2025-12-12,2026-12-11,,5610,530-828,,농업회사법인 (주) 푸드모션,I,L00,2025-12-15 16:15:28,전라남도 목포시 신지마을1길 117 (석현동),휴업,0001,02,0613835212,,,전라남도 목포시 석현동  15번지 ,50,도축업,,2025-12-12 16:16:12
6460000,646000000519960001,1996-07-09,,영업/정상,,,,,3369.32,,,㈜오성식품,I,L00,2025-12-15 16:15:28,전라남도 목포시 고하대로 1140-53 (대양동),정상,0000,01,0612819944,,,전라남도 목포시 대양동 산82번지 6호 ,0,도축업,,2021-07-13 08:08:21
6460000,646000000520070002,1991-12-14,,폐업,2015-03-03,,,,0,520-320,,농협나주축산물공판장,I,L00,2025-12-15 16:15:28,전라남도 나주시 나주서부로 37-20 (운곡동),폐업,0002,03,0613333601,,,전라남도 나주시 운곡동  80번지 ,0,도축업,,2019-02-19 10:18:15
6460000,646000000519740001,1974-09-23,,취소/말소/만료/정지/중지,2018-04-04,,,,15740,,,우성식품(주),I,L00,2025-12-15 16:15:28,전라남도 함평군 학교면 학교길 281-22,말소,0004,04,0613239891,158087.186185509    ,170443.039549109    ,전라남도 함평군 학교면 사거리 335번지 157호 ,0,도축업,,2018-04-20 18:52:55
6460000,646000000519980004,1998-09-15,,영업/정상,,,,,12191,,,농업회사법인주식회사사조원나주공장,I,L00,2025-12-15 16:15:28,전라남도 나주시 금천면 금영로 792,정상,0000,01,0613313383,177801.394990716    ,168882.76590203     ,전라남도 나주시 금천면 고동리 313번지 2호 ,0,도축업,,2024-11-20 10:25:47
6460000,646000000519980003,1998-03-28,,영업/정상,,,,2024-11-11,2316.71,,,㈜유진,I,L00,2025-12-15 16:15:28,전라남도 여수시 망양로 514-16 (오천동),정상,0000,01,0616519211,,,전라남도 여수시 오천동  176번지 2호 ,30,도축업,,2024-11-11 16:19:09
6460000,646000000519980002,1998-11-02,,영업/정상,,,,,3828.91,,,(주)중앙축산농업회사법인 1공장,I,L00,2025-12-15 16:15:28,전라남도 나주시 금천면 영산로 5576-19,정상,0000,01,0613321130,,,전라남도 나주시 금천면 원곡리 915번지 ,42,도축업,,2025-10-31 10:49:18
6460000,646000000519970002,2016-08-30,,영업/정상,,,,,3340.64,,,(주)일영이부쳐스,I,L00,2025-12-15 16:15:28,전라남도 나주시 동수농공단지길 160-13 (오량동),정상,0000,01,0613328987,,,전라남도 나주시 오량동  311번지 ,0,도축업,,2025-05-07 15:14:59
6460000,646000000519970001,1997-02-27,,영업/정상,,,,,27090,540-240,,새순천축산,I,000,2025-12-15 16:15:28,전라남도 순천시 홍내교길 106 (홍내동),정상,0000,01,0617417030,247220.551605107    ,157502.878626801    ,전라남도 순천시 홍내동  169번지 34호 ,0,도축업,,2023-05-23 13:32:35
6460000,646000000520000001,2000-11-27,,영업/정상,,,,,5693,545-802,,(주)대호축산,I,L00,2025-12-15 16:15:28,전라남도 광양시 광양읍 해광로 719-30,정상,0000,01,0617360986,253356.313391799    ,161330.18366987     ,전라남도 광양시 광양읍 세풍리 367번지 3호 ,0,도축업,,2024-10-31 09:46:41
6460000,646000000520000002,2000-03-15,,영업/정상,,,,,3659.2,517-801,,농업회사법인유한회사참푸른글로벌,I,L00,2025-12-15 16:15:28,전라남도 담양군 담양읍 월광로 43,정상,0000,01,0613839090,197714.768019029    ,203815.262291696    ,전라남도 담양군 담양읍 운교리 360번지 2호 ,0,도축업,,2025-03-06 17:08:18
6460000,646000000520000003,2000-01-08,,영업/정상,,,,,6328,,,(주)대원축산,I,L00,2025-12-15 16:15:28,전라남도 장성군 황룡면 강변로 420-14,정상,0000,01,0613936776,178696.835932785    ,197947.102371852    ,전라남도 장성군 황룡면 월평리 616번지 4호 ,0,도축업,,2018-08-11 13:55:24
6460000,646000000520020001,2002-04-18,,영업/정상,,,,,5862,,,농업회사법인 (주)사조원 나주공장,I,L00,2025-12-15 16:15:28,전라남도 나주시 금천면 금영로 792,정상,0000,01,0613318383,178009.723457145    ,168994.589117034    ,전라남도 나주시 금천면 고동리 3번지 1호 ,0,도축업,,2024-11-20 10:26:14
6460000,646000000520070003,2007-09-17,,영업/정상,,,,,5313.84,520-330,,(주)정다운,I,L00,2025-12-15 16:15:28,전라남도 나주시 동수농공단지길 155 (동수동),정상,0000,01,0613355283,,,전라남도 나주시 동수동  325번지 0호 ,0,도축업,,2024-01-16 16:30:55
6460000,646000000520070004,2007-09-21,,영업/정상,,,,,2585.03,,,주식회사 미스터덕,I,L00,2025-12-15 16:15:28,전라남도 나주시 동수농공단지길 164 (오량동),정상,0000,01,0613365225,,,전라남도 나주시 오량동  313번지 ,0,도축업,,2020-11-30 08:54:28
6460000,646000000520110001,2016-09-21,,영업/정상,,,,,7365,,,주식회사 보성녹돈,I,L00,2025-12-15 16:15:28,전라남도 강진군 강진읍 지전로 515,정상,0000,01,0614329333,,,전라남도 강진군 강진읍 송전리 476번지 ,10,도축업,,2025-04-15 19:32:56
6460000,646000000520110002,2011-01-17,,영업/정상,,,,,2198,,,농업회사법인녹색흑염소주식회사,I,L00,2025-12-15 16:15:28,전라남도 화순군 동면 동농공길 26-8,정상,0000,01,0613738005,,,전라남도 화순군 동면 운농리 1040번지 ,8,도축업,,2019-04-10 16:48:23
6460000,646000000520130001,2016-11-07,,영업/정상,,,,,26239.57,,,농업회사법인 주식회사 다솔,I,L00,2025-12-26 02:40:00,전라남도 장흥군 장흥읍 산단로 277,정상,0000,01,0618049900,,,전라남도 장흥군 장흥읍 해당리 647-1번지 ,54,도축업,,2025-12-24 17:41:23
6460000,646000000520140001,2014-05-20,,영업/정상,,,,,0,,,주)금화,I,L00,2025-12-15 16:15:28,전라남도 무안군 청계면 청계공단1길 128,정상,0000,01,0614540369,147978.370663403    ,160622.634760249    ,전라남도 무안군 청계면 송현리 637번지 2호 ,145,도축업,,2025-02-12 11:06:17
6460000,646000000520180001,2018-04-04,,영업/정상,,,,,4616.73,,,함평축산물종합처리장(주) 농업회사법인,I,L00,2025-12-15 16:15:28,"전라남도 함평군 학교면 학교길 281-22, 함평축산물종합처리장(주) 00동 00호",정상,0000,01,0613239891,,,전라남도 함평군 학교면 사거리 335번지 157호 함평축산물종합처리장(주) 00동 00호,0,도축업,,2025-09-22 09:21:43
6460000,646000000520190001,2019-03-25,,영업/정상,,,,,976,,,가온축산,I,L00,2025-12-15 16:15:28,전라남도 강진군 성전면 강진산단로1길 71,정상,0000,01,0614343001,,,전라남도 강진군 성전면 명산리 1486번지 1호 ,15,도축업,,2022-03-10 18:30:50
6460000,646000000519910001,1991-12-14,,영업/정상,,,,,18358.42,,,농협경제지주 주식회사 나주축산물공판장,I,L00,2025-12-15 16:15:28,전라남도 나주시 왕곡면 혁신산단2길 13,정상,0000,01,0613459712,,,전라남도 나주시 왕곡면 덕산리 801번지 1호 ,0,도축업,,2025-09-02 17:01:32
6460000,646000000519920001,1992-11-28,,영업/정상,,,,,5012,519-802,,농업회사법인주식회사만나,I,L00,2025-12-15 16:15:28,전라남도 화순군 화순읍 학포로 2521-25,정상,0000,01,0613736144,,,전라남도 화순군 화순읍 서태리 6번지 ,0,도축업,,2024-11-25 14:02:00
6460000,646000000519920002,1992-09-21,,영업/정상,,,,,5333.79,515-863,,㈜체리부로 금계지점,I,L00,2025-12-15 16:15:28,전라남도 장성군 동화면 연산로 88-23,정상,0000,01,0613929741,174495.009414065    ,196459.869737776    ,전라남도 장성군 동화면 남평리 452번지 19호 ,0,도축업,,2024-08-05 13:50:17
6460000,646000000519980001,1998-12-03,,폐업,2009-10-19,2008-07-04,2009-07-03,,0,520-892,,(주)영흥실업,I,000,2025-12-15 16:15:28,전라남도 나주시 공산면 자미로 497-89,폐업,0002,03,0613355249,165033.933200773    ,159301.627970866    ,전라남도 나주시 공산면 금곡리 338번지 1호 ,0,도축업,,2013-12-10 14:41:02
6470000,647000000520210001,2021-12-27,,영업/정상,,,,,216,,,농업회사법인 문경통도리 토종닭주식회사,I,L00,2025-12-15 16:15:28,,정상,0000,01,,,,경상북도 문경시 유곡동  334번지 0호 ,2,도축업,,2021-12-27 08:54:06
6470000,647000000520160001,2016-01-04,,영업/정상,,,,,3903,,,농업회사법인 김천염소산업(주),I,L00,2025-12-15 16:15:28,경상북도 김천시 공단1길 126 (대광동),정상,0000,01,0544362040,,,경상북도 김천시 대광동 산45번지 4호 ,0,도축업,,2024-08-06 19:16:19
6470000,647000000520030001,2003-01-18,,영업/정상,,,,,19022.24,742-290,,(주)올품,I,L00,2025-12-15 16:15:28,경상북도 상주시 발산로 135 (초산동),정상,0000,01,0545339998,305303.279843083    ,329081.122340854    ,경상북도 상주시 초산동  666번지 3호 ,0,도축업,,2024-01-25 09:17:12
6470000,647000000520010001,2001-07-02,,영업/정상,,,,,9234.27,716-803,,주식회사 민속엘피씨,I,L00,2025-12-15 16:15:28,경상북도 군위군 군위읍 경북대로 4052,정상,0000,01,0543803300,,, 361번지 ,0,도축업,,2023-02-28 11:00:25
6470000,647000000519980001,1998-09-30,,영업/정상,,,,,12070,730-180,,구미칠곡축산업협동조합(축산물유통센타),I,L00,2025-12-15 16:15:28,경상북도 구미시 선기로 119 (선기동),정상,0000,01,0544523584,317820.885460307    ,292903.59953345     ,경상북도 구미시 선기동  747번지 59호 ,0,도축업,,2023-04-10 10:21:32
6470000,647000000519940001,1998-08-01,,영업/정상,,,,,29835,770-130,,(주)삼세,I,L00,2025-12-15 16:15:28,경상북도 영천시 동강포길 29-5 (도남동),정상,0000,01,0543369111,,,경상북도 영천시 도남동  695번지 ,0,도축업,,2024-04-22 11:02:43
6470000,647000000519930002,1993-01-21,,영업/정상,,,,,3277.5,712-130,,(주)새람,I,L00,2025-12-15 16:15:28,경상북도 경산시 강변동로 384 (대평동),정상,0000,01,0548148101,355981.488390966    ,261722.195722732    ,경상북도 경산시 대평동  370번지 10호 ,0,도축업,,2024-08-12 08:38:45
6470000,647000000519910001,1991-09-17,,영업/정상,,,,,17430.36,717-872,,농협경제지주 주식회사 고령축산물공판장,I,L00,2025-12-15 16:15:28,경상북도 고령군 다산면 성암로 566,정상,0000,01,0549546289,,,경상북도 고령군 다산면 송곡리 787번지 ,0,도축업,,2025-01-07 20:58:15
6470000,647000000519740001,1974-10-31,,영업/정상,,,,,7587,750-110,,(주)소백산한우,I,000,2025-12-15 16:15:28,경상북도 영주시 반구로 416 (적서동),정상,0000,01,0546372457,,,경상북도 영주시 적서동  517번지 ,0,도축업,,2024-08-29 09:53:51
6470000,647000000520230001,2023-09-11,,영업/정상,,,,,10225,,,안동봉화축협 안동축산물공판장,I,L00,2025-12-15 16:15:28,경상북도 안동시 서후면 죽전길 222,정상,0000,01,0548209643,,,경상북도 안동시 서후면 대두서리 1070번지 16호 ,0,도축업,,2025-01-09 14:36:50
6470000,647000000520000001,2000-03-13,,폐업,2022-01-02,,,,4518.49,,,롯데푸드(주),I,L00,2025-12-15 16:15:28,경상북도 김천시 공단3길 94 (응명동),폐업,0002,03,0544202551,,, ,0,도축업,,2021-12-27 15:27:09
6470000,647000000519990001,1999-02-27,,폐업,2011-11-01,,2007-06-19,,3189.97,791-944,,(주)창목,I,L00,2025-12-15 16:15:28,,폐업,0002,03,0542627201,409259.65290437     ,287874.885950316    ,경상북도 포항시 북구 흥해읍 이인리 684번지 2호 ,0,도축업,,2011-11-18 16:56:48
6470000,647000000519930001,1993-12-30,,폐업,2008-02-25,,,,5102,745-852,,문경약돌돼지(주) 영순,I,L00,2025-12-15 16:15:28,,폐업,0002,03,,309572.007435159    ,343120.081604526    ,경상북도 문경시 영순면 김용리 80번지 1호 ,0,도축업,,2008-02-25 13:33:04
6470000,647000000519820001,1982-10-12,,폐업,2023-12-29,,,,16066,760-320,,(주)새한축산,I,000,2025-12-15 16:15:28,경상북도 안동시 노하1길 110 (노하동),폐업,0002,03,0548522700,,,경상북도 안동시 노하동  569번지 ,0,도축업,,2023-12-26 09:09:17
6470000,647000000519800001,1980-09-08,,폐업,2016-10-10,2013-01-01,2013-12-31,,747.64,730-180,,(주)체리부로,I,L00,2025-12-15 16:15:28,,폐업,0002,03,0544521838,317832.541310123    ,292868.993535423    ,경상북도 구미시 선기동  747번지 63호 ,0,도축업,,2016-10-10 14:08:25
6470000,647000000519790001,1979-03-16,,폐업,2009-02-17,,,,2672.36,763-804,,류성브로일러(주),I,L00,2025-12-15 16:15:28,,폐업,0002,03,0548731741,,,경상북도 청송군 청송읍 덕리 171번지 8호 ,0,도축업,,2009-02-17 10:40:35
6470000,647000000519700002,1970-01-19,,폐업,2014-01-09,,,,2071.69,757-807,,(주)예천축산,I,L00,2025-12-15 16:15:28,경상북도 예천군 예천읍 충효로 38-38,폐업,0002,03,0546520437,,,경상북도 예천군 예천읍 지내리 107번지 ,0,도축업,,2014-01-03 16:24:42
6470000,647000000520250001,2025-12-31,,영업/정상,,,,,,,,농업회사법인 주식회사 미환축산,I,L00,2026-01-02 03:00:02,,정상,0000,01,,,,경상북도 칠곡군 기산면 영리 301번지 10호 ,0,도축업,,2025-12-31 09:30:37
6480000,648000000520130001,2013-10-31,,영업/정상,,,,2026-01-01,3016,,,농업회사법인현대씨앤에프주식회사,U,L00,2026-01-17 21:00:40,경상남도 진주시 지수면 청담길175번길 16-16,정상,0000,01,0557545188,,, ,0,도축업,,2026-01-16 00:00:30
6480000,648000000519980006,1998-08-03,,영업/정상,,,,,9232.2,,,해드림엘피씨,I,L00,2025-12-15 16:15:28,경상남도 창녕군 대지면 경남대로 4897-14,정상,0000,01,0555323260,,,경상남도 창녕군 대지면 효정리 433번지 1호 ,56,도축업,,2025-09-17 10:25:53
6480000,648000000519840002,1984-03-29,,영업/정상,,,,,2169,656-883,,(주)한려식품,I,L00,2025-12-15 16:15:28,경상남도 거제시 사등면 거제대로 5943,정상,0000,01,,,,경상남도 거제시 사등면 청곡리 97번지 ,26,도축업,,2025-08-21 16:21:22
6480000,648000000519980001,1998-08-03,,폐업,2011-09-01,,,,1554,630-030,,창기산업,I,000,2025-12-15 16:15:28,,폐업,0002,03,0552328025,,, 969번지 ,16,도축업,,2011-11-14 15:41:38
6480000,648000000519980004,1998-07-30,,폐업,2011-07-29,2008-04-26,2009-10-01,,1618.53,645-370,,아성식품(주),I,L00,2025-12-15 16:15:28,,폐업,0002,03,,,, 902번지 ,28,도축업,,2011-11-14 15:40:42
6480000,648000000519980005,1998-08-11,,폐업,2009-03-23,,,,13872.7,626-220,,부광산업(주),I,L00,2025-12-15 16:15:28,경상남도 양산시 어곡로 139 (어곡동),폐업,0002,03,,,,경상남도 양산시 어곡동  872번지 ,38,도축업,,2009-03-24 08:54:51
6480000,648000000519980007,1998-09-29,,폐업,2020-12-17,,,,1682.4,667-914,,대전충남양돈농협 축산물종합유통센터,I,L00,2025-12-15 16:15:28,경상남도 하동군 진교면 진양로 323,폐업,0002,03,0558840485,,,경상남도 하동군 진교면 백련리 684-1번지 ,26,도축업,,2020-12-17 10:13:17
6480000,648000000519980009,1998-09-29,,폐업,2011-11-30,,,,1716.11,670-804,,(주)다원미트,I,000,2025-12-15 16:15:28,경상남도 거창군 거창읍 강남로 267-98,폐업,0002,03,0559449850,284235.250965737    ,243595.299589188    ,경상남도 거창군 거창읍 대평리 440번지 20호 ,22,도축업,,2012-02-23 20:48:04
6480000,648000000520090001,2009-09-11,,폐업,2010-12-31,,,,821.44,670-861,,청수식품,I,000,2025-12-15 16:15:28,경상남도 거창군 마리면 거안로 487-81,폐업,0002,03,0559438202,,,경상남도 거창군 마리면 고학리 1295번지 ,0,도축업,,2011-11-14 15:44:35
6480000,648000000520090002,2009-09-10,,폐업,2011-01-07,,,,0,670-861,,청수식품,I,000,2025-12-15 16:15:28,경상남도 거창군 마리면 거안로 487-81,폐업,0002,03,0559438202,,,경상남도 거창군 마리면 고학리 1295번지 ,0,도축업,,2011-02-24 14:47:21
6480000,648000000520110001,2011-01-07,,휴업,,2025-02-13,2026-12-31,,2542,670-861,,"대천물류,축산",I,000,2025-12-15 16:15:28,경상남도 거창군 마리면 거안로 487-81,휴업,0001,02,,,,경상남도 거창군 마리면 고학리 1295번지 ,0,도축업,,2025-02-17 08:36:36
6480000,648000000519980003,1998-07-30,,영업/정상,,,,,4982,,,농업회사법인 서라벌 주식회사,I,L00,2025-12-15 16:15:28,경상남도 진주시 남강로 1369 (상대동),정상,0000,01,0557555556,,,경상남도 진주시 상대동  33번지 90호 ,30,도축업,,2024-08-14 16:37:39
6480000,648000000519840001,1984-11-19,,폐업,2013-10-31,,,,1194,660-892,,(주)광진식품,I,000,2025-12-15 16:15:28,경상남도 진주시 지수면 청담길175번길 16-16,폐업,0002,03,,,,경상남도 진주시 지수면 청담리 1435번지 ,27,도축업,,2016-11-14 10:52:49
6480000,648000000520230001,2023-06-23,,영업/정상,,,,,1298.42,,,정도축산,I,L00,2025-12-15 16:15:28,경상남도 창녕군 성산면 창한로 385-62,정상,0000,01,0555333313,,,경상남도 창녕군 성산면 정녕리 908번지 0호 ,16,도축업,,2023-06-23 14:21:36
6480000,648000000520200001,2020-11-02,,영업/정상,,,,,4930.1,,,창녕축산물공판장,I,L00,2025-12-15 16:15:28,경상남도 창녕군 대지면 우포2로 1069-79,정상,0000,01,0558067200,,,경상남도 창녕군 대지면 효정리 391번지 0호 ,0,도축업,,2025-09-08 08:56:20
6480000,648000000520140001,2014-10-10,,영업/정상,,,,,5373,,,농업회사법인 이스트스프링 주식회사 함양도축장지점,I,L00,2025-12-15 16:15:28,경상남도 함양군 하림강변길 43-90,정상,0000,01,0559634798,,, ,4,도축업,,2025-12-04 13:25:28
6480000,648000000520060001,2006-04-04,,영업/정상,,,,,31609.19,,,부경양돈협동조합 부경축산물공판장,I,L00,2025-12-15 16:15:28,경상남도 김해시 주촌면 서부로1403번길 23-100,정상,0000,01,0553241500,,,경상남도 김해시 주촌면 내삼리 1282번지 0호 ,60,도축업,,2025-09-15 07:50:23
6480000,648000000520040001,2004-06-01,,영업/정상,,,,,995.42,667-873,,주식회사 정다운 하동공장,I,L00,2025-12-15 16:15:28,"경상남도 하동군 북천면 가리골길 49-19, (주)정다운하동공장",정상,0000,01,0558835249,,,경상남도 하동군 북천면 옥정리 394번지 2호 (주)정다운하동공장 ,12,도축업,,2025-10-31 13:52:38
6480000,648000000519910001,1991-05-07,,영업/정상,,,,,43429.7,638-807,,부경제일축산물유통센터(주),I,L00,2025-12-15 16:15:28,경상남도 고성군 고성읍 월평로 169,정상,0000,01,0556729761,,,경상남도 고성군 고성읍 율대리 226번지 ,23,도축업,,2025-07-14 16:17:34
6500000,650000000519810001,1981-08-10,,영업/정상,,,,,0,690-838,,건강한닭영농조합법인,I,L00,2025-12-15 16:15:28,제주특별자치도 제주시 청풍남6길 15 (화북일동),정상,0000,01,0647553219,159864.234483139    ,2391.19528976128    ,제주특별자치도 제주시 화북일동  2096번지 3호 ,21,도축업,,2025-10-03 17:26:07
6500000,650000000520090001,2009-02-02,,영업/정상,,,,,3001,695-975,,농업회사법인(주)한라씨에프엔,I,L00,2025-12-15 16:15:28,제주특별자치도 제주시 구좌읍 행원로13길 99,정상,0000,01,0647846681,182672.039491736    ,6536.15976636567    ,제주특별자치도 제주시 구좌읍 행원리 542번지 10호 ,16,도축업,,2024-08-02 12:52:35
6500000,650000000520180001,2018-10-17,,영업/정상,,,,,3871.91,,,제주양돈축산업협동조합 축산물종합유통센터(제주 LPC),I,L00,2025-12-15 16:15:28,제주특별자치도 서귀포시 안덕면 한창로 746-31,정상,0000,01,,,,제주특별자치도 서귀포시 안덕면 동광리 83번지 1호 ,51,도축업,,2019-04-18 12:01:24
6500000,650000000519730001,1973-12-13,,영업/정상,,,,,13137.92,695-900,,제주축산농협 축산물공판장,I,L00,2025-12-15 16:15:28,제주특별자치도 제주시 애월읍 해암이길 215,정상,0000,01,0647995135,,,제주특별자치도 제주시 애월읍 어음리 2533번지 ,0,도축업,,2024-07-17 09:46:33
6530000,642000000519940001,1994-03-07,,폐업,2010-12-30,2010-10-01,2011-03-31,,6619,219-832,,미소울,I,000,2025-12-15 16:15:28,,폐업,0002,03,0336363434,336364.951447166    ,527193.72037271     ,강원특별자치도 고성군 토성면 인흥리 163번지 1호 ,0,도축업,,2010-12-22 12:14:52
6530000,642000000519820001,1982-12-10,,폐업,2009-06-26,,,,14724,230-832,,(합자)영월축산기업,I,000,2025-12-15 16:15:28,강원특별자치도 영월군 남면 갈골길 8,폐업,0002,03,0333747123,,,강원특별자치도 영월군 남면 북쌍리 194번지 2호 ,11,도축업,,2009-06-17 17:26:25
6530000,642000000519810001,1981-09-09,,폐업,2010-12-30,,,,8095,233-835,,낙원산업,I,000,2025-12-15 16:15:28,강원특별자치도 정선군 남면 칠현로 170,폐업,0002,03,0335910068,354500.228556386    ,420809.013002923    ,강원특별자치도 정선군 남면 문곡리 51번지 1호 ,15,도축업,,2010-12-22 12:15:29
6530000,642000000519770001,1977-04-12,,폐업,2010-04-23,,,,10016,220-937,,원창기업,I,000,2025-12-15 16:15:28,,폐업,0002,03,,,,강원특별자치도 원주시 단계동  716번지 1호 ,24,도축업,,2010-05-20 10:33:33
6530000,642000000519760001,1976-10-12,,폐업,2007-03-08,,,,5004,240-220,,유한회사 진보산업,I,000,2025-12-15 16:15:28,,폐업,0002,03,,,,강원특별자치도 동해시 추암동  91번지 2호 ,31,도축업,,2007-03-08 11:35:00
6530000,642000000519900001,1990-07-06,,영업/정상,,,,,4387.14,250-803,,주식회사 한다운에프에스엘,I,L00,2026-01-10 21:00:40,강원특별자치도 홍천군 홍천읍 미루나무길 146,정상,0000,01,0334324127,276608.61632573     ,461827.815075559    ,강원특별자치도 홍천군 홍천읍 장전평리 628번지 7호 ,28,도축업,,2026-01-09 17:48:38
6530000,642000000519890001,1989-10-26,,휴업,,2025-04-01,2026-03-31,,5000,210-270,,영농조합법인 더존,I,000,2026-01-06 21:00:40,강원특별자치도 강릉시 두산길 129 (두산동),휴업,0001,02,,,,강원특별자치도 강릉시 두산동  129번지 ,11,도축업,,2026-01-05 15:42:40
6530000,642000000519850001,1985-06-03,,영업/정상,,,,,8166.32,225-806,,주식회사 횡성케이씨,I,L00,2025-12-15 16:15:28,강원특별자치도 횡성군 횡성읍 한우로 588,정상,0000,01,0333439886,289845.351895997    ,443768.825458786    ,강원특별자치도 횡성군 횡성읍 조곡리 355번지 1호 ,38,도축업,,2025-03-24 13:29:32
6530000,642000000519840001,1984-02-18,,영업/정상,,,,,5006.54,200-852,,(주)현진,I,000,2025-12-15 16:15:28,강원특별자치도 춘천시 동면 만천양지길 147,정상,0000,01,0332551893,,,강원특별자치도 춘천시 동면 만천리 330번지 34호 ,64,도축업,,2025-02-24 10:51:07
6530000,653000000520240001,2024-01-04,,영업/정상,,,,,144.19,,,농업회사법인주식회사춘천꿩농장,I,L00,2025-12-15 16:15:28,강원특별자치도 춘천시 남산면 한치로 228-80,정상,0000,01,0332625336,,,강원특별자치도 춘천시 남산면 수동리 508번지 7호 ,11,도축업,,2024-01-04 15:44:15
6530000,642000000520150001,2015-05-06,,영업/정상,,,,,142.4,,,춘천흑염소도축장,I,000,2025-12-19 02:40:00,강원특별자치도 춘천시 동내면 원창고개길 165-1,정상,0000,01,0332618905,,,강원특별자치도 춘천시 동내면 학곡리 91번지 0호 ,3,도축업,,2025-12-17 15:26:13
6530000,642000000520140001,2014-01-22,,영업/정상,,,,,210.3,,,행구축산,I,000,2025-12-15 16:15:28,강원특별자치도 원주시 덕성길 18 (행구동),정상,0000,01,0337471992,,, ,4,도축업,,2014-01-22 15:29:40
6530000,642000000520050001,1984-08-10,,폐업,2010-12-30,,,,5014,235-210,,태정산업(주),I,000,2025-12-15 16:15:28,강원특별자치도 태백시 사군드리길 95 (동점동),폐업,0002,03,0335812848,380787.095691415    ,400436.726669322    ,강원특별자치도 태백시 동점동  255번지 2호 ,22,도축업,,2010-12-22 12:15:12
6530000,642000000519900002,1990-08-10,,영업/정상,,,,,2346,269-804,,철원한양영농조합축산물종합처리장,I,L00,2025-12-15 16:15:28,강원특별자치도 철원군 갈말읍 호국로 4991,정상,0000,01,0334527121,227330.893217265    ,518086.605513714    ,강원특별자치도 철원군 갈말읍 문혜리 1383번지 8호 ,35,도축업,,2020-04-29 13:01:16
6530000,642000000520010001,2001-11-17,,영업/정상,,,,,4062.1,220-140,,우리손에프앤지 농업회사법인(주) 강원엘피씨,I,L00,2025-12-15 16:15:28,강원특별자치도 원주시 저금어지길 456 (가현동),정상,0000,01,0337321300,282692.257451099    ,432485.622622449    ,강원특별자치도 원주시 가현동  438번지 3호 ,90,도축업,,2023-06-14 17:31:10
6530000,642000000519960001,1996-08-16,,영업/정상,,,,,11294,252-801,,(주)해마로,I,L00,2025-12-15 16:15:28,강원특별자치도 인제군 인제읍 덕산로20번길 94,정상,0000,01,0334638881,,,강원특별자치도 인제군 인제읍 덕산리 590번지 ,0,도축업,,2022-11-10 18:04:35
6530000,642000000519900003,1990-04-26,,영업/정상,,,,,19644,232-933,,평창육가공영농조합법인,I,L00,2025-12-15 16:15:28,강원특별자치도 평창군 용평면 평창대로 1948-21,정상,0000,01,0333327604,325194.409539174    ,454117.719288194    ,강원특별자치도 평창군 용평면 장평리 207번지 8호 ,18,도축업,,2025-05-16 16:25:18
6540000,654000000519810001,1981-07-12,,폐업,2008-07-07,,,,3280,561-840,,전주도계장,I,000,2025-12-15 16:15:28,,폐업,0002,03,0632120607,,,전북특별자치도 전주시 덕진구 팔복동1가  204-2번지 ,12,도축업,,2008-07-07 15:17:00
6540000,654000000519940001,1994-11-07,,폐업,2013-12-30,,,,6748,566-801,,고려피엔비,I,L00,2025-12-15 16:15:28,전북특별자치도 임실군 임실읍 감천로 82-7,폐업,0002,03,0636428972,,,전북특별자치도 임실군 임실읍 감성리 436번지 1호 ,16,도축업,,2013-12-30 18:05:03
6540000,654000000519960003,1996-10-31,,폐업,2014-03-31,,,,7052,579-801,,(주)새만금산업,I,L00,2025-12-15 16:15:28,전북특별자치도 부안군 부안읍 선돌로 227,폐업,0002,03,0635833838,,,전북특별자치도 부안군 부안읍 신흥리 308번지 ,20,도축업,,2014-03-26 21:46:24
6540000,654000000520050001,2005-06-14,,휴업,,2026-01-01,2026-04-30,,10285.5,576-090,,주식회사 유피에프앤비 농업회사법인,I,L00,2026-01-01 02:40:00,전북특별자치도 김제시 순동산단길 216 (순동),휴업,0001,02,,,,전북특별자치도 김제시 순동  957번지 ,45,도축업,,2025-12-30 17:44:42
6540000,654000000520220001,2022-04-07,,영업/정상,,,,,5639.18,,,농업회사 법인 한송 주식회사,I,L00,2025-12-15 16:15:28,"전북특별자치도 부안군 행안면 옥여길 76-5, 농업회사법인한송주식회사 1동",정상,0000,01,07014210471,,,전북특별자치도 부안군 행안면 역리 1146번지 0호 농업회사법인한송주식회사 1동 ,88,도축업,,2025-08-26 16:38:10
6540000,654000000520180001,2018-07-18,,영업/정상,,,,,16347.94,,,도드람김제에프엠씨,I,L00,2025-12-15 16:15:28,전북특별자치도 김제시 백산면 지평선산단5길 412,정상,0000,01,0635491007,,,전북특별자치도 김제시 백산면 부거리 1583번지 6호 ,506,도축업,,2025-05-20 14:14:57
6540000,654000000520150001,2015-11-04,,영업/정상,,,,,0,,,(주)싱그린에프에스,I,L00,2025-12-15 16:15:28,전북특별자치도 익산시 용안면 익산대로 2078,정상,0000,01,0638617568,,, ,183,도축업,,2022-02-15 15:21:38
6540000,654000000520130003,2013-12-24,,영업/정상,,,,,611.55,,,한국양토양록축산업협동조합(안현구),I,L00,2025-12-15 16:15:28,전북특별자치도 부안군 부안읍 덕림로 36-20,정상,0000,01,,174720.649699548    ,242291.475583281    ,전북특별자치도 부안군 부안읍 신흥리 294번지 2호 ,0,도축업,,2019-07-02 16:41:23
6540000,654000000520130001,2013-01-24,,영업/정상,,,,,60952.86,,,(주)참프레,I,L00,2025-12-15 16:15:28,전북특별자치도 부안군 행안면 옥여길 32-29,정상,0000,01,0635806422,,,전북특별자치도 부안군 행안면 역리 411번지 ,1000,도축업,,2025-10-01 15:00:57
6540000,654000000520040001,2004-07-20,,영업/정상,,,,,34870.2,580-812,,(주)하림 정읍공장,I,L00,2025-12-15 16:15:28,전북특별자치도 정읍시 북면 3산단2길 95,정상,0000,01,0635309900,,,전북특별자치도 정읍시 북면 태곡리 925번지 ,53,도축업,,2023-02-06 08:31:58
6540000,654000000520020001,2002-02-21,,영업/정상,,,,,7601.09,570-190,,주식회사 중앙축산 농업회사법인,U,000,2026-01-16 21:00:41,전북특별자치도 익산시 현영길 94 (현영동),정상,0000,01,0638577733,194105.985503454    ,274346.011913008    ,전북특별자치도 익산시 현영동  94번지 8호 ,35,도축업,,2026-01-15 17:35:53
6540000,654000000520010001,2001-06-30,,영업/정상,,2021-01-22,2021-02-28,,13993.7,580-863,,(주)삼호유황오리,I,L00,2025-12-15 16:15:28,전북특별자치도 정읍시 고부면 고부농단길 12-30,정상,0000,01,0635328080,,,전북특별자치도 정읍시 고부면 덕안리 950번지 ,52,도축업,,2022-11-03 19:39:48
6540000,654000000519990001,1999-09-17,,영업/정상,,,,,8660,590-972,,유한회사 금돈,I,L00,2025-12-15 16:15:28,전북특별자치도 남원시 대산면 대곡신계길 74-26,정상,0000,01,0636358500,228841.540935716    ,211653.645707123    ,전북특별자치도 남원시 대산면 대곡리 195번지 3호 ,20,도축업,,2025-01-23 13:04:45
6540000,654000000519960002,1996-06-13,,영업/정상,,,,,2227.46,580-923,,산수들 주식회사,I,L00,2025-12-15 16:15:28,전북특별자치도 정읍시 태인면 석지로 972-13,정상,0000,01,0635716311,191112.185642021    ,242621.85094687     ,전북특별자치도 정읍시 태인면 궁사리 1061번지 1호 ,11,도축업,,2025-05-26 10:33:08
6540000,654000000519960001,1996-09-20,,영업/정상,,,,,8886,573-943,,유한회사 엔에프군산엘피씨,I,L00,2025-12-15 16:15:28,전북특별자치도 군산시 서수면 남산로 284,정상,0000,01,,187373.795326461    ,275373.732107991    ,전북특별자치도 군산시 서수면 서수리 1380번지 2호 ,22,도축업,,2025-01-22 09:58:48
6540000,654000000519990002,1999-05-08,,폐업,2008-10-07,,,,1961.34,585-803,,삼덕기업,I,000,2025-12-15 16:15:28,,폐업,0002,03,0635633900,170927.561621533    ,216180.322484069    ,전북특별자치도 고창군 고창읍 율계리 327번지 22호 ,15,도축업,,2008-10-10 07:18:31
6540000,654000000519920001,1992-11-26,,영업/정상,,,,,82561,576-964,,(주)농협목우촌,I,L00,2025-12-15 16:15:28,전북특별자치도 김제시 금산면 구성길 630,정상,0000,01,0635406600,,,전북특별자치도 김제시 금산면 용산리 9-13번지 ,417,도축업,,2025-05-15 15:48:42
6540000,654000000519900001,1990-06-29,,영업/정상,,,,,79664.62,570-883,,(주)하림,U,L00,2026-01-16 21:00:41,전북특별자치도 익산시 망성면 망성로 14,정상,0000,01,0638602436,,,전북특별자치도 익산시 망성면 어량리 13-14번지 ,1518,도축업,,2026-01-15 16:45:20
6540000,654000000519860002,1986-05-27,,영업/정상,,,,,11016,597-832,,(주)복수,I,L00,2025-12-15 16:15:28,전북특별자치도 장수군 계남면 장수로 2734,정상,0000,01,0633537705,,,전북특별자치도 장수군 계남면 신전리 1316번지 2호 ,12,도축업,,2024-01-05 11:26:52
6540000,654000000519860001,1986-10-10,,영업/정상,,,,,13170,576-871,,(주)부광산업,U,000,2026-01-27 21:00:41,전북특별자치도 김제시 진봉면 해학로 775,정상,0000,01,0635406306,182658.413805717    ,259370.296750364    ,전북특별자치도 김제시 진봉면 가실리 6번지 10호 ,23,도축업,,2026-01-26 22:02:30
6540000,654000000519850001,1985-10-07,,영업/정상,,,,,19752.9,580-020,,주식회사 삼정푸드,I,L00,2025-12-15 16:15:28,전북특별자치도 정읍시 정신로 22-12 (하북동),정상,0000,01,0635314141,188114.245995493    ,232900.60702618     ,전북특별자치도 정읍시 하북동  853번지 1호 ,74,도축업,,2024-03-28 22:12:11
6540000,654000000519840001,1984-09-06,,영업/정상,,,,,6258.58,590-040,,(주)코리아더커드,I,L00,2025-12-15 16:15:28,전북특별자치도 남원시 산책길 184 (조산동),정상,0000,01,0636322279,232420.658570123    ,210459.455829376    ,전북특별자치도 남원시 조산동  880번지 1호 ,37,도축업,,2025-10-21 17:24:06
6540000,654000000519820001,1982-12-27,,영업/정상,,,,,13759.25,573-941,,(주)동우팜투테이블,I,L00,2025-12-15 16:15:28,전북특별자치도 군산시 서수면 동군산로 1095,정상,0000,01,0634502035,,,전북특별자치도 군산시 서수면 관원리 507-1번지 ,181,도축업,,2023-04-11 09:08:02
6540000,654000000519810002,1981-10-17,,영업/정상,,,,,1530.7,570-972,,주식회사 정다운 익산공장,I,L00,2025-12-15 16:15:28,전북특별자치도 익산시 무왕로 1377 (부송동),정상,0000,01,0635365258,200600.33489492     ,273825.276898509    ,전북특별자치도 익산시 부송동  190번지 9호 ,59,도축업,,2023-05-30 14:29:35
6540000,654000000519930001,1993-11-09,,영업/정상,,,,,24553.8,576-964,,농업회사법인(주)사조원,I,000,2025-12-15 16:15:28,전북특별자치도 김제시 금산면 구성6길 122,정상,0000,01,07086569790,,,전북특별자치도 김제시 금산면 용산리 296번지 0호 ,89,도축업,,2024-11-04 09:46:24
